STCODE,STNAME,DIST,DISTNAME,YEAR,N_TC,P_TC,K_TC,NPK_TC
2,Bihar,901,Champaran,1966,2029,663,284,2976
2,Bihar,901,Champaran,1967,3639,1626,397,5662
2,Bihar,901,Champaran,1968,3989,3030,640,7659
2,Bihar,901,Champaran,1969,10842,6154,2768,19764
2,Bihar,901,Champaran,1970,6854,3449,1675,11978
2,Bihar,901,Champaran,1971,-1,-1,-1,-1
2,Bihar,901,Champaran,1973,5879,1573,977,8429
2,Bihar,901,Champaran,1974,8386,1660,1559,11605
2,Bihar,901,Champaran,1975,7271,1427,976,9674
2,Bihar,901,Champaran,1976,10002,1728,973,12703
2,Bihar,901,Champaran,1977,10074,1832,1093,12999
2,Bihar,901,Champaran,1978,12045,2228,1264,15537
2,Bihar,901,Champaran,1979,11440,2165,1122,14727
2,Bihar,901,Champaran,1980,12893,2951,1670,17514
2,Bihar,901,Champaran,1981,13740,3024,1498,18262
2,Bihar,901,Champaran,1982,14376,3287,1702,19365
2,Bihar,901,Champaran,1983,19820,5776,3454,29050
2,Bihar,901,Champaran,1984,22211,6228,2993,31432
2,Bihar,901,Champaran,1985,25962,7533,3238,36733
2,Bihar,901,Champaran,1986,28532,6788,2854,38174
2,Bihar,901,Champaran,1987,28532,6788,2854,38174
2,Bihar,901,Champaran,1988,42159,10780,4866,57805
2,Bihar,901,Champaran,1989,-1,-1,-1,-1
2,Bihar,901,Champaran,1990,-1,-1,-1,-1
2,Bihar,901,Champaran,1991,-1,-1,-1,-1
2,Bihar,901,Champaran,1992,42308,9388,2337,54033
2,Bihar,901,Champaran,1993,54090,6613,1547,62250
2,Bihar,901,Champaran,1994,37956,8044,4139,50139
2,Bihar,901,Champaran,1995,37956,8044,4139,50139
2,Bihar,901,Champaran,1996,43323,8166,4036,55525
2,Bihar,901,Champaran,1997,49637,6948,4598,61183
2,Bihar,901,Champaran,1998,61086,10958,4285,76329
2,Bihar,901,Champaran,1999,76700,18900,7300,102900
2,Bihar,901,Champaran,2000,78944,16599,3166,98709
2,Bihar,901,Champaran,2001,70577,13170,5964,89711
2,Bihar,901,Champaran,2002,70577,13170,5964,89711
2,Bihar,901,Champaran,2003,70065,2901,1078,74044
2,Bihar,901,Champaran,2004,77291,9592,3146,90029
2,Bihar,901,Champaran,2005,77164,15062,11245,103471
2,Bihar,901,Champaran,2006,85552,20693,7375,113620
2,Bihar,901,Champaran,2007,106325,17096,8108,131529
2,Bihar,901,Champaran,2008,101954,23361,15099,140414
2,Bihar,901,Chanmparn,2009,98059,23119,14982,136160
2,Bihar,901,Champaran,2010,112018,33079,20026,165123
2,Bihar,901,Champaran,2011,121712,34236,14362,170310
2,Bihar,902,Muzaffarpur,1966,1181,386,128,1695
2,Bihar,902,Muzaffarpur,1967,2243,750,232,3225
2,Bihar,902,Muzaffarpur,1968,2759,745,287,3791
2,Bihar,902,Muzaffarpur,1969,4250,1098,622,5970
2,Bihar,902,Muzaffarpur,1970,4888,162,586,5636
2,Bihar,902,Muzaffarpur,1971,6856,776,346,7978
2,Bihar,902,Muzaffarpur,1972,6743,943,1267,8953
2,Bihar,902,Muzaffarpur,1973,6075,1467,1390,8932
2,Bihar,902,Muzaffarpur,1974,7927,1009,781,9717
2,Bihar,902,Muzaffarpur,1975,10052,1405,907,12364
2,Bihar,902,Muzaffarpur,1976,12184,1319,834,14337
2,Bihar,902,Muzaffarpur,1977,15786,3344,1760,20890
2,Bihar,902,Muzaffarpur,1978,15947,3355,1813,21115
2,Bihar,902,Muzaffarpur,1979,14677,2734,1835,19246
2,Bihar,902,Muzaffarpur,1980,14631,2406,1172,18209
2,Bihar,902,Muzaffarpur,1981,12988,2498,1510,16996
2,Bihar,902,Muzaffarpur,1982,11477,3452,1802,16731
2,Bihar,902,Muzaffarpur,1983,17823,4209,2238,24270
2,Bihar,902,Muzaffarpur,1984,16805,5105,2614,24524
2,Bihar,902,Muzaffarpur,1985,24362,7963,2720,35045
2,Bihar,902,Muzaffarpur,1986,37552,9099,3333,49984
2,Bihar,902,Muzaffarpur,1987,37552,9099,3333,49984
2,Bihar,902,Muzaffarpur,1988,53637,15457,5447,74541
2,Bihar,902,Muzaffarpur,1989,-1,-1,-1,-1
2,Bihar,902,Muzaffarpur,1990,-1,-1,-1,-1
2,Bihar,902,Muzaffarpur,1991,-1,-1,-1,-1
2,Bihar,902,Muzaffarpur,1992,45469,7523,1221,54213
2,Bihar,902,Muzaffarpur,1993,34848,7921,1240,44009
2,Bihar,902,Muzaffarpur,1994,32676,7245,2214,42135
2,Bihar,902,Muzaffarpur,1995,32676,7245,2214,42135
2,Bihar,902,Muzaffarpur,1996,42934,10731,3065,56730
2,Bihar,902,Muzaffarpur,1997,49197,9168,2695,61060
2,Bihar,902,Muzaffarpur,1998,67864,14580,5001,87445
2,Bihar,902,Mujaffarpur,1999,74800,20500,7000,102300
2,Bihar,902,Mujaffarpur,2000,69302,16147,6007,91456
2,Bihar,902,Mujaffarpur,2001,59973,15925,7374,83272
2,Bihar,902,Mujaffarpur,2002,59973,15925,7374,83272
2,Bihar,902,Mujaffarpur,2003,59068,3815,2335,65218
2,Bihar,902,Mujaffarpur,2004,67425,5844,6470,79739
2,Bihar,902,Mujaffarpur,2005,77576,13768,11776,103120
2,Bihar,902,Mujaffarpur,2006,90035,17351,8708,116094
2,Bihar,902,Mujaffarpur,2007,61207,14315,5294,80816
2,Bihar,902,Mujaffarpur,2008,108442,34574,19961,162977
2,Bihar,902,Mujaffarpur,2009,110727,32206,23102,166035
2,Bihar,902,Mujaffarpur,2010,113455,39174,21053,173682
2,Bihar,902,Mujaffarpur,2011,108039,34543,14281,156863
2,Bihar,903,Darbhanga,1966,1133,207,122,1462
2,Bihar,903,Darbhanga,1967,2677,775,396,3848
2,Bihar,903,Darbhanga,1968,3253,965,348,4566
2,Bihar,903,Darbhanga,1969,3578,841,1006,5425
2,Bihar,903,Darbhanga,1970,5637,295,214,6146
2,Bihar,903,Darbhanga,1971,7000,1043,472,8515
2,Bihar,903,Darbhanga,1972,4474,1316,1065,6855
2,Bihar,903,Darbhanga,1973,4753,1495,518,6766
2,Bihar,903,Darbhanga,1974,7257,1174,964,9395
2,Bihar,903,Darbhanga,1975,6584,995,544,8123
2,Bihar,903,Darbhanga,1976,6911,1089,507,8507
2,Bihar,903,Darbhanga,1977,7899,1914,1050,10863
2,Bihar,903,Darbhanga,1978,8226,2057,991,11274
2,Bihar,903,Darbhanga,1979,8650,1911,1289,11850
2,Bihar,903,Darbhanga,1980,8454,2482,1138,12074
2,Bihar,903,Darbhanga,1981,8510,2254,1388,12152
2,Bihar,903,Darbhanga,1982,9452,2668,1778,13898
2,Bihar,903,Darbhanga,1983,16243,4474,2677,23394
2,Bihar,903,Darbhanga,1984,16697,5880,3100,25677
2,Bihar,903,Darbhanga,1985,18517,6821,2603,27941
2,Bihar,903,Darbhanga,1986,28000,11296,5185,44481
2,Bihar,903,Darbhanga,1987,28000,11296,5185,44481
2,Bihar,903,Darbhanga,1988,37074,14339,7100,58513
2,Bihar,903,Darbhanga,1989,-1,-1,-1,-1
2,Bihar,903,Darbhanga,1990,-1,-1,-1,-1
2,Bihar,903,Darbhanga,1991,-1,-1,-1,-1
2,Bihar,903,Darbhanga,1992,28157,8501,1676,38334
2,Bihar,903,Darbhanga,1993,26005,5482,1214,32701
2,Bihar,903,Darbhanga,1994,29633,7557,1659,38849
2,Bihar,903,Darbhanga,1995,29633,7557,1659,38849
2,Bihar,903,Darbhanga,1996,32636,11132,3737,47505
2,Bihar,903,Darbhanga,1997,37344,9490,3984,50818
2,Bihar,903,Darbhanga,1998,57137,15918,5691,78746
2,Bihar,903,Darbhanga,1999,46200,15500,4300,66000
2,Bihar,903,Darbhanga,2000,56166,18971,4401,79538
2,Bihar,903,Darbhanga,2001,51993,16559,5508,74060
2,Bihar,903,Darbhanga,2002,51993,16559,5508,74060
2,Bihar,903,Darbhanga,2003,51963,6042,3611,61616
2,Bihar,903,Darbhanga,2004,54665,10085,5566,70316
2,Bihar,903,Darbhanga,2005,60789,11962,9713,82464
2,Bihar,903,Darbhanga,2006,61104,15074,7407,83585
2,Bihar,903,Darbhanga,2007,61902,16795,6653,85350
2,Bihar,903,Darbhanga,2008,71181,24105,13515,108801
2,Bihar,903,Darbhanga,2009,69975,22047,16308,108330
2,Bihar,903,Darbharga,2010,80235,29888,15457,125580
2,Bihar,903,Darbharga,2011,84034,29319,8573,121926
2,Bihar,904,Saharsa,1966,300,171,90,561
2,Bihar,904,Saharsa,1967,926,583,227,1736
2,Bihar,904,Saharsa,1968,885,571,281,1737
2,Bihar,904,Saharsa,1969,937,689,367,1993
2,Bihar,904,Saharsa,1970,2273,1018,382,3673
2,Bihar,904,Saharsa,1971,4117,1009,523,5649
2,Bihar,904,Saharsa,1972,2457,1176,593,4226
2,Bihar,904,Saharsa,1973,1921,667,579,3167
2,Bihar,904,Saharsa,1974,2220,390,474,3084
2,Bihar,904,Saharsa,1975,1752,425,273,2450
2,Bihar,904,Saharsa,1976,1742,473,308,2523
2,Bihar,904,Saharsa,1977,2127,626,367,3120
2,Bihar,904,Saharsa,1978,2272,653,401,3326
2,Bihar,904,Saharsa,1979,2360,799,521,3680
2,Bihar,904,Saharsa,1980,2627,876,656,4159
2,Bihar,904,Saharsa,1981,3362,1127,526,5015
2,Bihar,904,Saharsa,1982,3197,1122,679,4998
2,Bihar,904,Saharsa,1983,5367,1827,1172,8366
2,Bihar,904,Saharsa,1984,4671,1920,485,7076
2,Bihar,904,Saharsa,1985,5898,2267,1216,9381
2,Bihar,904,Saharsa,1986,8084,2523,1457,12064
2,Bihar,904,Saharsa,1987,17036,6261,3091,26388
2,Bihar,904,Saharsa,1988,14487,6026,3081,23594
2,Bihar,904,Saharsa,1989,-1,-1,-1,-1
2,Bihar,904,Saharsa,1990,-1,-1,-1,-1
2,Bihar,904,Saharsa,1991,-1,-1,-1,-1
2,Bihar,904,Saharsa,1992,22658,5321,924,28903
2,Bihar,904,Saharsa,1993,23196,1804,409,25409
2,Bihar,904,Saharsa,1994,35916,4886,1345,42147
2,Bihar,904,Saharsa,1995,35916,4886,1345,42147
2,Bihar,904,Saharsa,1996,22996,4539,2232,29767
2,Bihar,904,Saharsa,1997,26290,3862,2837,32989
2,Bihar,904,Saharsa,1998,20614,4633,2973,28220
2,Bihar,904,Saharsa,1999,28100,7800,2400,38300
2,Bihar,904,Saharsa,2000,30718,8309,3512,42539
2,Bihar,904,Saharsa,2001,23999,7836,3535,35370
2,Bihar,904,Saharsa,2002,23999,7836,3535,35370
2,Bihar,904,Saharsa,2003,28593,2535,2738,33866
2,Bihar,904,Saharsa,2004,22716,3868,2696,29280
2,Bihar,904,Saharsa,2005,23568,4836,6338,34742
2,Bihar,904,Saharsa,2006,35035,9869,5962,50866
2,Bihar,904,Saharsa,2007,26688,6000,4944,37632
2,Bihar,904,Saharsa,2008,34554,9756,10153,54463
2,Bihar,904,Saharsa,2009,39273,10605,9963,59841
2,Bihar,904,Saharsa,2010,23196,6384,6023,35603
2,Bihar,904,Saharsa,2011,27855,8254,4822,40931
2,Bihar,905,Purnea,1966,494,228,88,810
2,Bihar,905,Purnea,1967,2096,804,163,3063
2,Bihar,905,Purnea,1968,1700,875,286,2861
2,Bihar,905,Purnea,1969,1412,587,337,2336
2,Bihar,905,Purnea,1970,1864,1320,569,3753
2,Bihar,905,Purnea,1971,1481,587,280,2348
2,Bihar,905,Purnea,1972,2196,1015,455,3666
2,Bihar,905,Purnea,1973,2603,756,458,3817
2,Bihar,905,Purnea,1974,4953,883,715,6551
2,Bihar,905,Purnea,1975,3570,1101,425,5096
2,Bihar,905,Purnea,1976,4235,1229,544,6008
2,Bihar,905,Purnea,1977,3817,703,501,5021
2,Bihar,905,Purnea,1978,4522,1090,587,6199
2,Bihar,905,Purnea,1979,4346,1272,704,6322
2,Bihar,905,Purnea,1980,5363,1335,826,7524
2,Bihar,905,Purnea,1981,5767,1416,939,8122
2,Bihar,905,Purnea,1982,7094,2168,1405,10667
2,Bihar,905,Purnea,1983,11060,3645,2662,17367
2,Bihar,905,Purnea,1984,19858,5858,3739,29455
2,Bihar,905,Purnea,1985,24346,9964,4238,38548
2,Bihar,905,Purnea,1986,27892,14912,7892,50696
2,Bihar,905,Purnea,1987,27892,14912,7892,50696
2,Bihar,905,Purnea,1988,36305,19229,9618,65152
2,Bihar,905,Purnea,1989,-1,-1,-1,-1
2,Bihar,905,Purnea,1990,-1,-1,-1,-1
2,Bihar,905,Purnea,1991,-1,-1,-1,-1
2,Bihar,905,Purnea,1992,35826,7328,3829,46983
2,Bihar,905,Purnea,1993,40591,3747,2583,46921
2,Bihar,905,Purnea,1994,59565,7460,6126,73151
2,Bihar,905,Purnea,1995,59565,7460,6126,73151
2,Bihar,905,Purnea,1996,44123,10409,10498,65030
2,Bihar,905,Purnea,1997,50483,8849,13134,72466
2,Bihar,905,Purnea,1998,41436,12684,7227,61347
2,Bihar,905,Purnea,1999,47000,17300,4100,68400
2,Bihar,905,Purnea,2000,52414,16056,5634,74104
2,Bihar,905,Purnea,2001,51170,10317,8684,70171
2,Bihar,905,Purnea,2002,51170,10317,8684,70171
2,Bihar,905,Purnea,2003,54269,7199,4511,65979
2,Bihar,905,Purnea,2004,53708,8809,6435,68952
2,Bihar,905,Purnia,2005,70814,20941,22665,114420
2,Bihar,905,Purnia,2006,79037,22636,16528,118201
2,Bihar,905,Purnia,2007,84305,17535,10455,112295
2,Bihar,905,Purnia,2008,97105,26307,29240,152652
2,Bihar,905,Purnea,2009,93019,24390,29136,146545
2,Bihar,905,Purnia,2010,98376,34857,29380,162613
2,Bihar,905,Purnia,2011,105026,42310,21862,169198
2,Bihar,906,Saran,1966,2823,734,371,3928
2,Bihar,906,Saran,1967,3681,1292,245,5218
2,Bihar,906,Saran,1968,5181,1185,315,6681
2,Bihar,906,Saran,1969,6495,2972,1851,11318
2,Bihar,906,Saran,1970,11698,60,323,12081
2,Bihar,906,Saran,1971,10535,813,367,11715
2,Bihar,906,Saran,1972,10543,1824,952,13319
2,Bihar,906,Saran,1973,8307,2153,1348,11808
2,Bihar,906,Saran,1974,10037,1580,1301,12918
2,Bihar,906,Saran,1975,10287,2433,1014,13734
2,Bihar,906,Saran,1976,14373,2925,1303,18601
2,Bihar,906,Saran,1977,14634,3059,1556,19249
2,Bihar,906,Saran,1978,17629,3631,1730,22990
2,Bihar,906,Saran,1979,16727,4343,2131,23201
2,Bihar,906,Saran,1980,18223,4410,2615,25248
2,Bihar,906,Saran,1981,19939,4817,2626,27382
2,Bihar,906,Saran,1982,18115,4708,2338,25161
2,Bihar,906,Saran,1983,20983,5056,2369,28408
2,Bihar,906,Saran,1984,28812,5528,2891,37231
2,Bihar,906,Saran,1985,32789,9963,4038,46790
2,Bihar,906,Saran,1986,35939,12700,5255,53894
2,Bihar,906,Saran,1987,35939,12600,5255,53794
2,Bihar,906,Saran,1988,43095,16399,7385,66879
2,Bihar,906,Saran,1989,-1,-1,-1,-1
2,Bihar,906,Saran,1990,-1,-1,-1,-1
2,Bihar,906,Saran,1991,-1,-1,-1,-1
2,Bihar,906,Saran,1992,36790,11364,1685,49839
2,Bihar,906,Saran,1993,21642,4833,1558,28033
2,Bihar,906,Saran,1994,38089,8568,2454,49111
2,Bihar,906,Saran,1995,38089,8568,2454,49111
2,Bihar,906,Saran,1996,35764,8706,2565,47035
2,Bihar,906,Saran,1997,40911,7402,2600,50913
2,Bihar,906,Saran,1998,48214,12138,3939,64291
2,Bihar,906,Saran,1999,45700,15700,4300,65700
2,Bihar,906,Saran,2000,34207,9974,2276,46457
2,Bihar,906,Saran,2001,33856,5892,1484,41232
2,Bihar,906,Saran,2002,33856,5892,1484,41232
2,Bihar,906,Saran,2003,28812,1863,1126,31801
2,Bihar,906,Saran,2004,34184,2774,1072,38030
2,Bihar,906,Saran,2005,40751,5652,2330,48733
2,Bihar,906,Saran,2006,53267,9738,2326,65331
2,Bihar,906,Saran,2007,76180,16682,4274,97136
2,Bihar,906,Saran,2008,63076,20278,8950,92304
2,Bihar,906,Saran,2009,60846,18939,8469,88254
2,Bihar,906,Saran,2010,63412,17483,6889,87784
2,Bihar,906,Saran,2011,61235,18711,5469,85415
2,Bihar,907,Patna,1966,5177,432,281,5890
2,Bihar,907,Patna,1967,8992,753,220,9965
2,Bihar,907,Patna,1968,10331,1073,656,12060
2,Bihar,907,Patna,1969,11621,2125,1663,15409
2,Bihar,907,Patna,1970,10961,1363,311,12635
2,Bihar,907,Patna,1971,6764,787,517,8068
2,Bihar,907,Patna,1972,8614,951,303,9868
2,Bihar,907,Patna,1973,10740,1196,458,12394
2,Bihar,907,Patna,1974,10324,1835,1143,13302
2,Bihar,907,Patna,1975,13601,1053,395,15049
2,Bihar,907,Patna,1976,17847,1296,750,19893
2,Bihar,907,Patna,1977,14807,1660,913,17380
2,Bihar,907,Patna,1978,16689,1589,889,19167
2,Bihar,907,Patna,1979,17352,1171,583,19106
2,Bihar,907,Patna,1980,19598,1573,663,21834
2,Bihar,907,Patna,1981,17024,2007,689,19720
2,Bihar,907,Patna,1982,15475,2025,869,18369
2,Bihar,907,Patna,1983,20977,2626,1334,24937
2,Bihar,907,Patna,1984,36741,5073,3328,45142
2,Bihar,907,Patna,1985,43075,8150,3877,55102
2,Bihar,907,Patna,1986,43046,10587,4571,58204
2,Bihar,907,Patna,1987,43046,10587,4571,58204
2,Bihar,907,Patna,1988,60670,16053,7877,84600
2,Bihar,907,Patna,1989,-1,-1,-1,-1
2,Bihar,907,Patna,1990,-1,-1,-1,-1
2,Bihar,907,Patna,1991,-1,-1,-1,-1
2,Bihar,907,Patna,1992,46102,4621,999,51722
2,Bihar,907,Patna,1993,52799,11341,1329,65469
2,Bihar,907,Patna,1994,41059,6331,2010,49400
2,Bihar,907,Patna,1995,41059,6331,2010,49400
2,Bihar,907,Patna,1996,69004,8101,1454,78559
2,Bihar,907,Patna,1997,78969,6900,1228,87097
2,Bihar,907,Patna,1998,47925,9469,1794,59188
2,Bihar,907,Patna,1999,59600,16100,5400,81100
2,Bihar,907,Patna,2000,57493,15986,1938,75417
2,Bihar,907,Patna,2001,51988,7479,2100,61567
2,Bihar,907,Patna,2002,51988,7479,2100,61567
2,Bihar,907,Patna,2003,58828,6219,1450,66497
2,Bihar,907,Patna,2004,51078,9998,2678,63754
2,Bihar,907,Patna,2005,66359,15656,5240,87255
2,Bihar,907,Patna,2006,76458,17045,5310,98813
2,Bihar,907,Patna,2007,81790,16775,6532,105097
2,Bihar,907,Patna,2008,81906,21565,10071,113542
2,Bihar,907,Patna,2009,72356,21543,11125,105024
2,Bihar,907,Patna,2010,78503,23265,10472,112240
2,Bihar,907,Patna,2011,84043,23500,7315,114858
2,Bihar,908,Monghyr,1966,1299,100,125,1524
2,Bihar,908,Monghyr,1967,2505,482,235,3222
2,Bihar,908,Monghyr,1968,2723,519,295,3537
2,Bihar,908,Monghyr,1969,3368,927,472,4767
2,Bihar,908,Monghyr,1970,6293,2436,1078,9807
2,Bihar,908,Monghyr,1971,8249,1092,336,9677
2,Bihar,908,Monghyr,1972,5765,960,574,7299
2,Bihar,908,Monghyr,1973,3281,829,813,4923
2,Bihar,908,Monghyr,1974,6265,1180,1089,8534
2,Bihar,908,Monghyr,1975,8121,1161,757,10039
2,Bihar,908,Monghyr,1976,9485,1049,780,11314
2,Bihar,908,Monghyr,1977,9095,1620,1172,11887
2,Bihar,908,Monghyr,1978,10000,1953,1406,13359
2,Bihar,908,Monghyr,1979,9616,1657,893,12166
2,Bihar,908,Monghyr,1980,11806,2063,1165,15034
2,Bihar,908,Monghyr,1981,12107,1825,1654,15586
2,Bihar,908,Monghyr,1982,8294,1731,1087,11112
2,Bihar,908,Monghyr,1983,11185,2181,1425,14791
2,Bihar,908,Monghyr,1984,18639,3701,2622,24962
2,Bihar,908,Monghyr,1985,19842,6511,2974,29327
2,Bihar,908,Monghyr,1986,21409,11454,4271,37134
2,Bihar,908,Monghyr,1987,26599,13056,5639,45294
2,Bihar,908,Monghyr,1988,33371,16292,8415,58078
2,Bihar,908,Monghyr,1989,-1,-1,-1,-1
2,Bihar,908,Monghyr,1990,-1,-1,-1,-1
2,Bihar,908,Monghyr,1991,-1,-1,-1,-1
2,Bihar,908,Monghyr,1992,23303,4021,1173,28497
2,Bihar,908,Monghyr,1993,38039,8213,2453,48705
2,Bihar,908,Monghyr,1994,49432,9063,5142,63637
2,Bihar,908,Monghyr,1995,49432,9063,5142,63637
2,Bihar,908,Monghyr,1996,47868,9558,4374,61800
2,Bihar,908,Monghyr,1997,54749,8188,3602,66539
2,Bihar,908,Mungair,1998,67943,17194,8681,93818
2,Bihar,908,Mungair,1999,65000,17400,6000,88400
2,Bihar,908,Mungair,2000,65089,18407,5250,88746
2,Bihar,908,Mungair,2001,60837,10747,8030,79614
2,Bihar,908,Mungair,2002,60837,10747,8030,79614
2,Bihar,908,Mungair,2003,66356,4300,5296,75952
2,Bihar,908,Mungair,2004,74097,9797,8145,92039
2,Bihar,908,Munger,2005,78354,14589,14683,107626
2,Bihar,908,Munger,2006,82601,22614,14544,119759
2,Bihar,908,Munger,2007,109782,27752,14430,151964
2,Bihar,908,Munger,2008,96851,30770,23564,151185
2,Bihar,908,Munger,2009,92324,29685,26936,148945
2,Bihar,908,Munger,2010,103023,34992,23201,161216
2,Bihar,908,Munger,2011,111651,37116,15142,163909
2,Bihar,909,Bhagalpur,1966,674,82,25,781
2,Bihar,909,Bhagalpur,1967,1198,287,40,1525
2,Bihar,909,Bhagalpur,1968,952,311,107,1370
2,Bihar,909,Bhagalpur,1969,2111,1429,181,3721
2,Bihar,909,Bhagalpur,1970,1463,149,73,1685
2,Bihar,909,Bhagalpur,1971,1958,246,102,2306
2,Bihar,909,Bhagalpur,1972,2093,283,148,2524
2,Bihar,909,Bhagalpur,1973,2688,346,327,3361
2,Bihar,909,Bhagalpur,1974,2930,392,356,3678
2,Bihar,909,Bhagalpur,1975,3545,390,314,4249
2,Bihar,909,Bhagalpur,1976,5212,573,372,6157
2,Bihar,909,Bhagalpur,1977,6449,1125,647,8221
2,Bihar,909,Bhagalpur,1978,7026,1245,763,9034
2,Bihar,909,Bhagalpur,1979,5423,1089,726,7238
2,Bihar,909,Bhagalpur,1980,7768,1472,840,10080
2,Bihar,909,Bhagalpur,1981,7816,1494,1015,10325
2,Bihar,909,Bhagalpur,1982,7808,2120,994,10922
2,Bihar,909,Bhagalpur,1983,10272,2502,1345,14119
2,Bihar,909,Bhagalpur,1984,10941,2842,970,14753
2,Bihar,909,Bhagalpur,1985,11444,2504,1498,15446
2,Bihar,909,Bhagalpur,1986,16431,4574,1846,22851
2,Bihar,909,Bhagalpur,1987,16431,4574,1846,22851
2,Bihar,909,Bhagalpur,1988,19383,7891,2633,29907
2,Bihar,909,Bhagalpur,1989,-1,-1,-1,-1
2,Bihar,909,Bhagalpur,1990,-1,-1,-1,-1
2,Bihar,909,Bhagalpur,1991,-1,-1,-1,-1
2,Bihar,909,Bhagalpur,1992,25512,6266,1439,33217
2,Bihar,909,Bhagalpur,1993,27907,6230,357,34494
2,Bihar,909,Bhagalpur,1994,27067,5416,3483,35966
2,Bihar,909,Bhagalpur,1995,27067,5416,3483,35966
2,Bihar,909,Bhagalpur,1996,36299,8124,5804,50227
2,Bihar,909,Bhagalpur,1997,41612,6940,5510,54062
2,Bihar,909,Bhagalpur,1998,26658,8985,2843,38486
2,Bihar,909,Bhagalpur,1999,39500,12100,3400,55000
2,Bihar,909,Bhagalpur,2000,32518,11401,1904,45823
2,Bihar,909,Bhagalpur,2001,28883,2230,3116,34229
2,Bihar,909,Bhagalpur,2002,28883,2230,3116,34229
2,Bihar,909,Bhagalpur,2003,25683,488,299,26470
2,Bihar,909,Bhagalpur,2004,24177,1406,3769,29352
2,Bihar,909,Bhagalpur,2005,27397,7305,8368,43070
2,Bihar,909,Bhagalpur,2006,39944,8375,6552,54871
2,Bihar,909,Bhagalpur,2007,49495,7691,5670,62856
2,Bihar,909,Bhagalpur,2008,51151,8778,8484,68413
2,Bihar,909,Bhagalpur,2009,46492,10579,8964,66035
2,Bihar,909,Bhagalpur,2010,43942,12231,8036,64209
2,Bihar,909,Bhagalpur,2011,45810,12532,5659,64001
2,Bihar,910,Santhal Paragana,1966,871,66,145,1082
2,Bihar,910,Santhal Paragana,1967,1091,386,280,1757
2,Bihar,910,Santhal Paragana,1968,867,225,110,1202
2,Bihar,910,Santhal Paragana,1969,1592,587,272,2451
2,Bihar,910,Santhal Paragana,1970,2465,192,426,3083
2,Bihar,910,Santhal Paragana,1971,2094,523,207,2824
2,Bihar,910,Santhal Paragana,1972,1735,408,213,2356
2,Bihar,910,Santhal Paragana,1973,1376,293,219,1888
2,Bihar,910,Santhal Paragana,1974,1737,299,255,2291
2,Bihar,910,Santhal Paragana,1975,2208,450,208,2866
2,Bihar,910,Santhal Paragana,1976,2455,354,247,3056
2,Bihar,910,Santhal Paragana,1977,3350,480,252,4082
2,Bihar,910,Santhal Paragana,1978,3671,553,247,4471
2,Bihar,910,Santhal Paragana,1979,3152,478,191,3821
2,Bihar,910,Santhal Paragana,1980,3281,725,242,4248
2,Bihar,910,Santhal Paragana,1981,2890,525,272,3687
2,Bihar,910,Santhal Paragana,1982,2576,685,258,3519
2,Bihar,910,Santhal Paragana,1983,2821,795,280,3896
2,Bihar,910,Santhal Paragana,1984,3065,904,302,4271
2,Bihar,910,Santhal Paragana,1985,4254,1394,510,6158
2,Bihar,910,Santhal Paragana,1986,5494,1829,360,7683
2,Bihar,910,Santhal Paragana,1987,6901,2441,531,9873
2,Bihar,910,Santhal Paragana,1988,6775,2268,1188,10231
2,Bihar,910,Santhal Paragana,1989,-1,-1,-1,-1
2,Bihar,910,Santhal Paragana,1990,-1,-1,-1,-1
2,Bihar,910,Santhal Paragana,1991,-1,-1,-1,-1
2,Bihar,910,Santhal Paragana,1992,27998,7908,1701,37607
2,Bihar,910,Santhal Paragana,1993,10971,3762,390,15123
2,Bihar,910,Santhal Paragana,1994,12006,2105,1024,15135
2,Bihar,910,Santhal Paragana,1995,12006,2105,1024,15135
2,Bihar,910,Santhal Paragana,1996,15218,5764,704,21686
2,Bihar,910,Santhal Paragana,1997,17451,4936,628,23015
2,Bihar,910,Santhal Paragana,1998,20707,8032,2046,30785
2,Bihar,910,Santhal Paragana,1999,20000,10900,1500,32400
2,Bihar,911,Shahabad,1966,5814,627,240,6681
2,Bihar,911,Shahabad,1967,8143,3429,229,11801
2,Bihar,911,Shahabad,1968,11272,5060,582,16914
2,Bihar,911,Shahabad,1969,14330,6346,1078,21754
2,Bihar,911,Shahabad,1970,14398,5183,935,20516
2,Bihar,911,Shahabad,1971,-1,-1,-1,-1
2,Bihar,911,Shahabad,1973,7965,1393,658,10016
2,Bihar,911,Shahabad,1974,12943,2683,1677,17303
2,Bihar,911,Shahabad,1975,18779,2636,899,22314
2,Bihar,911,Shahabad,1976,26838,2931,1487,31256
2,Bihar,911,Shahabad,1977,26968,3174,1254,31396
2,Bihar,911,Shahabad,1978,31743,3876,1630,37249
2,Bihar,911,Shahabad,1979,25926,3986,1519,31431
2,Bihar,911,Shahabad,1980,29652,4296,1468,35416
2,Bihar,911,Shahabad,1981,28139,4264,1669,34072
2,Bihar,911,Shahabad,1982,25650,3864,1214,30728
2,Bihar,911,Shahabad,1983,36478,4774,2242,43494
2,Bihar,911,Shahabad,1984,47756,8264,6523,62543
2,Bihar,911,Shahabad,1985,65045,18790,8203,92038
2,Bihar,911,Shahabad,1986,73316,24622,10489,108427
2,Bihar,911,Shahabad,1987,73316,24622,10489,108427
2,Bihar,911,Shahabad,1988,80264,26054,11846,118164
2,Bihar,911,Shahabad,1989,-1,-1,-1,-1
2,Bihar,911,Shahabad,1990,-1,-1,-1,-1
2,Bihar,911,Shahabad,1991,-1,-1,-1,-1
2,Bihar,911,Shahabad,1992,59789,8262,764,68815
2,Bihar,911,Shahabad,1993,52557,10779,141,63477
2,Bihar,911,Shahabad,1994,35681,9604,1279,46564
2,Bihar,911,Shahabad,1995,35681,9604,1279,46564
2,Bihar,911,Shahabad,1996,53433,7086,1001,61520
2,Bihar,911,Shahabad,1997,61235,6073,784,68092
2,Bihar,911,Shahabad,1998,46174,7994,2316,56484
2,Bihar,911,Shahabad,1999,59500,11700,6100,77300
2,Bihar,911,Shahabad,2000,66489,14903,1545,82937
2,Bihar,911,Shahabad,2001,64678,10649,1243,76570
2,Bihar,911,Shahabad,2002,64678,10649,1243,76570
2,Bihar,911,Shahabad,2003,71467,2070,345,73882
2,Bihar,911,Shahabad,2004,71020,5283,2543,78846
2,Bihar,911,Shahabad,2005,67642,8326,2197,78165
2,Bihar,911,Shahabad,2006,82980,14593,3845,101418
2,Bihar,911,Shahabad,2007,100708,19154,5131,124993
2,Bihar,911,Shahabad,2008,90465,19009,9861,119335
2,Bihar,911,Shahabad,2009,82933,19842,7758,110533
2,Bihar,911,Shahabad,2010,105948,33883,7543,147374
2,Bihar,911,Shahabad,2011,121076,29836,5903,156815
2,Bihar,912,Gaya,1966,2481,188,165,2834
2,Bihar,912,Gaya,1967,5473,1699,236,7408
2,Bihar,912,Gaya,1968,7424,962,1026,9412
2,Bihar,912,Gaya,1969,7765,1781,1074,10620
2,Bihar,912,Gaya,1970,3125,473,177,3775
2,Bihar,912,Gaya,1971,7305,625,239,8169
2,Bihar,912,Gaya,1972,8869,985,2012,11866
2,Bihar,912,Gaya,1973,8400,1709,1047,11156
2,Bihar,912,Gaya,1974,8293,1009,809,10111
2,Bihar,912,Gaya,1975,9727,1286,601,11614
2,Bihar,912,Gaya,1976,12008,1372,719,14099
2,Bihar,912,Gaya,1977,16064,1453,865,18382
2,Bihar,912,Gaya,1978,18939,1750,1031,21720
2,Bihar,912,Gaya,1979,19094,1983,980,22057
2,Bihar,912,Gaya,1980,19615,2597,1183,23395
2,Bihar,912,Gaya,1981,20012,2317,1254,23583
2,Bihar,912,Gaya,1982,18539,2650,1103,22292
2,Bihar,912,Gaya,1983,27550,4402,2561,34513
2,Bihar,912,Gaya,1984,30558,6007,2754,39319
2,Bihar,912,Gaya,1985,44103,11172,4662,59937
2,Bihar,912,Gaya,1986,42716,12439,6395,61550
2,Bihar,912,Gaya,1987,42716,12439,6395,61550
2,Bihar,912,Gaya,1988,47434,13755,7105,68294
2,Bihar,912,Gaya,1989,-1,-1,-1,-1
2,Bihar,912,Gaya,1990,-1,-1,-1,-1
2,Bihar,912,Gaya,1991,-1,-1,-1,-1
2,Bihar,912,Gaya,1992,60379,8142,1520,70041
2,Bihar,912,Gaya,1993,66158,21350,727,88235
2,Bihar,912,Gaya,1994,27179,10211,2817,40207
2,Bihar,912,Gaya,1995,27179,10211,2817,40207
2,Bihar,912,Gaya,1996,63208,13946,2015,79169
2,Bihar,912,Gaya,1997,72442,11941,1562,85945
2,Bihar,912,Gaya,1998,67273,15009,3242,85524
2,Bihar,912,Gaya,1999,81600,18200,7900,107700
2,Bihar,912,Gaya,2000,82209,13245,1059,96513
2,Bihar,912,Gaya,2001,77343,7834,1287,86464
2,Bihar,912,Gaya,2002,77343,7834,1287,86464
2,Bihar,912,Gaya,2003,80608,8111,2876,91595
2,Bihar,912,Gaya,2004,65650,2385,890,68925
2,Bihar,912,Gaya,2005,73568,11742,3538,88848
2,Bihar,912,Gaya,2006,88073,14614,3528,106215
2,Bihar,912,Gaya,2007,72764,12824,3354,88942
2,Bihar,912,Gaya,2008,94565,21773,10994,127332
2,Bihar,912,Gaya,2009,81135,21331,7089,109555
2,Bihar,912,Gaya,2010,86030,24356,7760,118146
2,Bihar,912,Gaya,2011,102725,19253,3748,125726
2,Bihar,913,Hazaribagh,1966,494,117,46,657
2,Bihar,913,Hazaribagh,1967,712,371,412,1495
2,Bihar,913,Hazaribagh,1968,592,238,387,1217
2,Bihar,913,Hazaribagh,1969,437,124,28,589
2,Bihar,913,Hazaribagh,1970,612,144,53,809
2,Bihar,913,Hazaribagh,1971,727,149,60,936
2,Bihar,913,Hazaribagh,1972,763,178,75,1016
2,Bihar,913,Hazaribagh,1973,799,207,91,1097
2,Bihar,913,Hazaribagh,1974,918,139,97,1154
2,Bihar,913,Hazaribagh,1975,954,148,100,1202
2,Bihar,913,Hazaribagh,1976,1059,201,109,1369
2,Bihar,913,Hazaribagh,1977,1496,329,190,2015
2,Bihar,913,Hazaribagh,1978,1601,307,168,2076
2,Bihar,913,Hazaribagh,1979,1361,303,129,1793
2,Bihar,913,Hazaribagh,1980,1360,346,170,1876
2,Bihar,913,Hazaribagh,1981,1576,299,181,2056
2,Bihar,913,Hazaribagh,1982,1873,375,203,2451
2,Bihar,913,Hazaribagh,1983,3297,544,269,4110
2,Bihar,913,Hazaribagh,1984,2947,581,226,3754
2,Bihar,913,Hazaribagh,1985,3297,740,227,4264
2,Bihar,913,Hazaribagh,1986,3190,1120,375,4685
2,Bihar,913,Hazaribagh,1987,3937,1121,375,5433
2,Bihar,913,Hazaribagh,1988,4087,1032,455,5574
2,Bihar,913,Hazaribagh,1989,-1,-1,-1,-1
2,Bihar,913,Hazaribagh,1990,-1,-1,-1,-1
2,Bihar,913,Hazaribagh,1991,-1,-1,-1,-1
2,Bihar,913,Hazaribagh,1992,4938,2075,210,7223
2,Bihar,913,Hazaribagh,1993,5807,1232,119,7158
2,Bihar,913,Hazaribagh,1994,20256,2132,389,22777
2,Bihar,913,Hazaribagh,1995,20256,2132,389,22777
2,Bihar,913,Hazaribagh,1996,8220,1965,688,10873
2,Bihar,913,Hazaribagh,1997,9434,1687,720,11841
2,Bihar,913,Hazaribagh,1998,11435,4516,811,16762
2,Bihar,913,Hazaribagh,1999,11500,7700,900,20100
2,Bihar,914,Dhanbad,1966,87,37,13,137
2,Bihar,914,Dhanbad,1967,131,80,10,221
2,Bihar,914,Dhanbad,1968,276,28,64,368
2,Bihar,914,Dhanbad,1969,92,46,20,158
2,Bihar,914,Dhanbad,1970,70,30,7,107
2,Bihar,914,Dhanbad,1971,142,60,20,222
2,Bihar,914,Dhanbad,1972,259,64,36,359
2,Bihar,914,Dhanbad,1973,150,49,32,231
2,Bihar,914,Dhanbad,1974,288,471,38,797
2,Bihar,914,Dhanbad,1975,185,44,18,247
2,Bihar,914,Dhanbad,1976,197,40,32,269
2,Bihar,914,Dhanbad,1977,340,70,63,473
2,Bihar,914,Dhanbad,1978,182,34,41,257
2,Bihar,914,Dhanbad,1979,176,39,15,230
2,Bihar,914,Dhanbad,1980,236,36,14,286
2,Bihar,914,Dhanbad,1981,198,44,15,257
2,Bihar,914,Dhanbad,1982,258,51,22,331
2,Bihar,914,Dhanbad,1983,375,79,31,485
2,Bihar,914,Dhanbad,1984,296,95,40,431
2,Bihar,914,Dhanbad,1985,309,120,63,492
2,Bihar,914,Dhanbad,1986,499,78,35,612
2,Bihar,914,Dhanbad,1987,499,78,35,612
2,Bihar,914,Dhanbad,1988,275,66,21,362
2,Bihar,914,Dhanbad,1989,-1,-1,-1,-1
2,Bihar,914,Dhanbad,1990,-1,-1,-1,-1
2,Bihar,914,Dhanbad,1991,-1,-1,-1,-1
2,Bihar,914,Dhanbad,1992,666,391,347,1404
2,Bihar,914,Dhanbad,1993,686,1113,326,2125
2,Bihar,914,Dhanbad,1994,3288,239,352,3879
2,Bihar,914,Dhanbad,1995,3288,239,352,3879
2,Bihar,914,Dhanbad,1996,778,100,72,950
2,Bihar,914,Dhanbad,1997,891,85,112,1088
2,Bihar,914,Dhanbad,1998,2186,1149,528,3863
2,Bihar,914,Dhanbad,1999,730,330,0,1060
2,Bihar,915,Palamau,1966,176,22,14,212
2,Bihar,915,Palamau,1967,240,43,20,303
2,Bihar,915,Palamau,1968,196,75,18,289
2,Bihar,915,Palamau,1969,164,54,15,233
2,Bihar,915,Palamau,1970,249,48,17,314
2,Bihar,915,Palamou,1971,411,87,50,548
2,Bihar,915,Palamou,1972,469,136,58,663
2,Bihar,915,Palamou,1973,560,136,85,781
2,Bihar,915,Palamou,1974,700,155,100,955
2,Bihar,915,Palamou,1975,826,126,63,1015
2,Bihar,915,Palamou,1976,732,194,52,978
2,Bihar,915,Palamou,1977,976,105,67,1148
2,Bihar,915,Palamou,1978,1007,202,89,1298
2,Bihar,915,Palamau,1979,720,171,64,955
2,Bihar,915,Palamou,1980,1027,239,82,1348
2,Bihar,915,Palamau,1981,1104,193,67,1364
2,Bihar,915,Palamou,1982,1424,281,100,1805
2,Bihar,915,Palamau,1983,1475,367,194,2036
2,Bihar,915,Palamou,1984,3150,717,218,4085
2,Bihar,915,Palamau,1985,3570,1076,301,4947
2,Bihar,915,Palamau,1986,2183,543,149,2875
2,Bihar,915,Palamau,1987,2183,543,149,2875
2,Bihar,915,Palamau,1988,2950,923,167,4040
2,Bihar,915,Palamau,1989,-1,-1,-1,-1
2,Bihar,915,Palamau,1990,-1,-1,-1,-1
2,Bihar,915,Palamau,1991,-1,-1,-1,-1
2,Bihar,915,Palamau,1992,4462,1501,137,6100
2,Bihar,915,Palamou,1993,2701,787,101,3589
2,Bihar,915,Palamou,1994,18364,1678,260,20302
2,Bihar,915,Palamau,1995,18364,1678,260,20302
2,Bihar,915,Palamau,1996,6349,1345,363,8057
2,Bihar,915,Palamau,1997,7268,1154,531,8953
2,Bihar,915,Palamau,1998,5349,1574,246,7169
2,Bihar,915,Palamau,1999,7000,2600,600,10200
2,Bihar,916,Ranchi,1966,860,221,249,1330
2,Bihar,916,Ranchi,1967,1076,692,192,1960
2,Bihar,916,Ranchi,1968,971,358,152,1481
2,Bihar,916,Ranchi,1969,1236,743,384,2363
2,Bihar,916,Ranchi,1970,1541,560,218,2319
2,Bihar,916,Ranchi,1971,2105,412,234,2751
2,Bihar,916,Ranchi,1972,2217,773,485,3475
2,Bihar,916,Ranchi,1973,2330,1020,333,3683
2,Bihar,916,Ranchi,1974,2881,882,746,4509
2,Bihar,916,Ranchi,1975,2476,454,211,3141
2,Bihar,916,Ranchi,1976,2476,1045,409,3930
2,Bihar,916,Ranchi,1977,3180,1154,819,5153
2,Bihar,916,Ranchi,1978,3091,10115,623,13829
2,Bihar,916,Ranchi,1979,3334,1649,449,5432
2,Bihar,916,Ranchi,1980,2960,2432,602,5994
2,Bihar,916,Ranchi,1981,3321,1187,612,5120
2,Bihar,916,Ranchi,1982,3011,1132,595,4738
2,Bihar,916,Ranchi,1983,5416,2302,973,8691
2,Bihar,916,Ranchi,1984,7524,2656,1306,11486
2,Bihar,916,Ranchi,1985,9680,4183,1507,15370
2,Bihar,916,Ranchi,1986,5928,2676,1152,9756
2,Bihar,916,Ranchi,1987,10868,4943,2029,17840
2,Bihar,916,Ranchi,1988,13915,6749,3007,23671
2,Bihar,916,Ranchi,1989,-1,-1,-1,-1
2,Bihar,916,Ranchi,1990,-1,-1,-1,-1
2,Bihar,916,Ranchi,1991,-1,-1,-1,-1
2,Bihar,916,Ranchi,1992,8340,6087,820,15247
2,Bihar,916,Ranchi,1993,11057,3292,255,14604
2,Bihar,916,Ranchi,1994,42730,7838,1549,52117
2,Bihar,916,Ranchi,1995,42730,7838,1549,52117
2,Bihar,916,Ranchi,1996,17415,5252,635,23302
2,Bihar,916,Ranchi,1997,19990,4506,747,25243
2,Bihar,916,Ranchi,1998,13028,7125,1105,21258
2,Bihar,916,Ranchi,1999,18900,11700,1400,32000
2,Bihar,917,Singhbhum,1966,328,122,44,494
2,Bihar,917,Singhbhum,1967,342,298,23,663
2,Bihar,917,Singhbhum,1968,295,202,36,533
2,Bihar,917,Singhbhum,1969,275,189,28,492
2,Bihar,917,Singhbhum,1970,299,221,25,545
2,Bihar,917,Singhbhum,1971,435,145,45,625
2,Bihar,917,Singhbhum,1972,590,265,94,949
2,Bihar,917,Singhbhum,1973,778,301,243,1322
2,Bihar,917,Singhbhum,1974,921,260,150,1331
2,Bihar,917,Singhbhum,1975,666,165,83,914
2,Bihar,917,Singhbhum,1976,538,204,89,831
2,Bihar,917,Singhbhum,1977,624,246,88,958
2,Bihar,917,Singhbhum,1978,656,288,112,1056
2,Bihar,917,Singhbhum,1979,672,340,128,1140
2,Bihar,917,Singhbhum,1980,909,316,76,1301
2,Bihar,917,Singhbhum,1981,994,386,148,1528
2,Bihar,917,Singhbhum,1982,874,366,154,1394
2,Bihar,917,Singhbhum,1983,1072,685,305,2062
2,Bihar,917,Singhbhum,1984,1964,797,335,3096
2,Bihar,917,Singhbhum,1985,2913,1114,653,4680
2,Bihar,917,Singhbhum,1986,2420,1323,563,4306
2,Bihar,917,Singhbhum,1987,2420,1323,565,4308
2,Bihar,917,Singhbhum,1988,3549,2132,989,6670
2,Bihar,917,Singhbhum,1989,-1,-1,-1,-1
2,Bihar,917,Singhbhum,1990,-1,-1,-1,-1
2,Bihar,917,Singhbhum,1991,-1,-1,-1,-1
2,Bihar,917,Singhbhum,1992,1892,1500,183,3575
2,Bihar,917,Singhbhum,1993,2595,173,254,3022
2,Bihar,917,Singhbhum,1994,5193,1977,258,7428
2,Bihar,917,Singhbhum,1995,5193,1977,258,7428
2,Bihar,917,Singhbhum,1996,1567,444,247,2258
2,Bihar,917,Singhbhum,1997,1794,381,257,2432
2,Bihar,917,Singhbhum,1998,3211,1175,372,4758
2,Bihar,917,Singhbhum,1999,1300,1100,0,2400
