STCODE,STNAME,DIST,DISTNAME,YEAR,N_TP,P_TP,K_TP
2,Bihar,901,Champaran,1966,1511,1461,508
2,Bihar,901,Champaran,1967,1578,1844,655
2,Bihar,901,Champaran,1968,1911,1948,718
2,Bihar,901,Champaran,1969,2096,2795,833
2,Bihar,901,Champaran,1970,2053,3114,877
2,Bihar,901,Champaran,1971,-1,-1,-1
2,Bihar,901,Champaran,1973,2280,3270,1130
2,Bihar,901,Champaran,1974,4350,5630,2050
2,Bihar,901,Champaran,1975,4020,6315,1900
2,Bihar,901,Champaran,1976,3800,4510,1520
2,Bihar,901,Champaran,1977,3480,3570,1340
2,Bihar,901,Champaran,1978,3395,3699,1340
2,Bihar,901,Champaran,1979,3150,4070,1340
2,Bihar,901,Champaran,1980,4350,5415,1830
2,Bihar,901,Champaran,1981,5110,5860,2170
2,Bihar,901,Champaran,1982,4890,5570,2085
2,Bihar,901,Champaran,1983,4670,5310,2000
2,Bihar,901,Champaran,1984,4670,5310,2000
2,Bihar,901,Champaran,1985,4670,5310,2000
2,Bihar,901,Champaran,1986,5110,5940,2170
2,Bihar,901,Champaran,1987,5110,5940,2170
2,Bihar,901,Champaran,1988,5110,5940,2170
2,Bihar,901,Champaran,1989,5110,5940,2170
2,Bihar,901,Champaran,1990,5110,5940,2170
2,Bihar,901,Champaran,1991,6650,7750,2830
2,Bihar,901,Champaran,1992,6000,-1,-1
2,Bihar,901,Champaran,1993,6000,-1,-1
2,Bihar,901,Champaran,1994,7220,-1,-1
2,Bihar,902,Muzaffarpur,1966,1511,1461,508
2,Bihar,902,Muzaffarpur,1967,1578,1844,655
2,Bihar,902,Muzaffarpur,1968,1911,1948,718
2,Bihar,902,Muzaffarpur,1969,2096,2795,833
2,Bihar,902,Muzaffarpur,1970,2053,3114,877
2,Bihar,902,Muzaffarpur,1971,2010,3210,890
2,Bihar,902,Muzaffarpur,1972,2080,3170,920
2,Bihar,902,Muzaffarpur,1973,2280,3270,1130
2,Bihar,902,Muzaffarpur,1974,4350,5630,2050
2,Bihar,902,Muzaffarpur,1975,4020,6315,1900
2,Bihar,902,Muzaffarpur,1976,3800,4510,1520
2,Bihar,902,Muzaffarpur,1977,3480,3570,1340
2,Bihar,902,Muzaffarpur,1978,3395,3699,1340
2,Bihar,902,Muzaffarpur,1979,3150,4070,1340
2,Bihar,902,Muzaffarpur,1980,4350,5415,1830
2,Bihar,902,Muzaffarpur,1981,5110,5860,2170
2,Bihar,902,Muzaffarpur,1982,4890,5570,2085
2,Bihar,902,Muzaffarpur,1983,4670,5310,2000
2,Bihar,902,Muzaffarpur,1984,4670,5310,2000
2,Bihar,902,Muzaffarpur,1985,4670,5310,2000
2,Bihar,902,Muzaffarpur,1986,5110,5940,2170
2,Bihar,902,Muzaffarpur,1987,5110,5940,2170
2,Bihar,902,Muzaffarpur,1988,5110,5940,2170
2,Bihar,902,Muzaffarpur,1989,5110,5940,2170
2,Bihar,902,Muzaffarpur,1990,5110,5940,2170
2,Bihar,902,Muzaffarpur,1991,6650,7750,2830
2,Bihar,902,Muzaffarpur,1992,6000,-1,-1
2,Bihar,902,Muzaffarpur,1993,6000,-1,-1
2,Bihar,902,Muzaffarpur,1994,7220,-1,-1
2,Bihar,903,Darbhanga,1966,1511,1461,508
2,Bihar,903,Darbhanga,1967,1578,1844,655
2,Bihar,903,Darbhanga,1968,1911,1948,718
2,Bihar,903,Darbhanga,1969,2096,2795,833
2,Bihar,903,Darbhanga,1970,2053,3114,877
2,Bihar,903,Darbhanga,1971,2010,3210,890
2,Bihar,903,Darbhanga,1972,2080,3170,920
2,Bihar,903,Darbhanga,1973,2280,3270,1130
2,Bihar,903,Darbhanga,1974,4350,5630,2050
2,Bihar,903,Darbhanga,1975,4020,6315,1900
2,Bihar,903,Darbhanga,1976,3800,4510,1520
2,Bihar,903,Darbhanga,1977,3480,3570,1340
2,Bihar,903,Darbhanga,1978,3395,3699,1340
2,Bihar,903,Darbhanga,1979,3150,4070,1340
2,Bihar,903,Darbhanga,1980,4350,5415,1830
2,Bihar,903,Darbhanga,1981,5110,5860,2170
2,Bihar,903,Darbhanga,1982,4890,5570,2085
2,Bihar,903,Darbhanga,1983,4670,5310,2000
2,Bihar,903,Darbhanga,1984,4670,5310,2000
2,Bihar,903,Darbhanga,1985,4670,5310,2000
2,Bihar,903,Darbhanga,1986,5110,5940,2170
2,Bihar,903,Darbhanga,1987,5110,5940,2170
2,Bihar,903,Darbhanga,1988,5110,5940,2170
2,Bihar,903,Darbhanga,1989,5110,5940,2170
2,Bihar,903,Darbhanga,1990,5110,5940,2170
2,Bihar,903,Darbhanga,1991,6650,7750,2830
2,Bihar,903,Darbhanga,1992,6000,-1,-1
2,Bihar,903,Darbhanga,1993,6000,-1,-1
2,Bihar,903,Darbhanga,1994,7220,-1,-1
2,Bihar,904,Saharsa,1966,1511,1461,508
2,Bihar,904,Saharsa,1967,1578,1844,655
2,Bihar,904,Saharsa,1968,1911,1948,718
2,Bihar,904,Saharsa,1969,2096,2795,833
2,Bihar,904,Saharsa,1970,2053,3114,877
2,Bihar,904,Saharsa,1971,2010,3210,890
2,Bihar,904,Saharsa,1972,2080,3170,920
2,Bihar,904,Saharsa,1973,2280,3270,1130
2,Bihar,904,Saharsa,1974,4350,5630,2050
2,Bihar,904,Saharsa,1975,4020,6315,1900
2,Bihar,904,Saharsa,1976,3800,4510,1520
2,Bihar,904,Saharsa,1977,3480,3570,1340
2,Bihar,904,Saharsa,1978,3395,3699,1340
2,Bihar,904,Saharsa,1979,3150,4070,1340
2,Bihar,904,Saharsa,1980,4350,5415,1830
2,Bihar,904,Saharsa,1981,5110,5860,2170
2,Bihar,904,Saharsa,1982,4890,5570,2085
2,Bihar,904,Saharsa,1983,4670,5310,2000
2,Bihar,904,Saharsa,1984,4670,5310,2000
2,Bihar,904,Saharsa,1985,4670,5310,2000
2,Bihar,904,Saharsa,1986,5110,5940,2170
2,Bihar,904,Saharsa,1987,5110,5940,2170
2,Bihar,904,Saharsa,1988,5110,5940,2170
2,Bihar,904,Saharsa,1989,5110,5940,2170
2,Bihar,904,Saharsa,1990,5110,5940,2170
2,Bihar,904,Saharsa,1991,6650,7750,2830
2,Bihar,904,Saharsa,1992,6000,-1,-1
2,Bihar,904,Saharsa,1993,6000,-1,-1
2,Bihar,904,Saharsa,1994,7220,-1,-1
2,Bihar,905,Purnea,1966,1511,1461,508
2,Bihar,905,Purnea,1967,1578,1844,655
2,Bihar,905,Purnea,1968,1911,1948,718
2,Bihar,905,Purnea,1969,2096,2795,833
2,Bihar,905,Purnea,1970,2053,3114,877
2,Bihar,905,Purnea,1971,2010,3210,890
2,Bihar,905,Purnea,1972,2080,3170,920
2,Bihar,905,Purnea,1973,2280,3270,1130
2,Bihar,905,Purnea,1974,4350,5630,2050
2,Bihar,905,Purnea,1975,4020,6315,1900
2,Bihar,905,Purnea,1976,3800,4510,1520
2,Bihar,905,Purnea,1977,3480,3570,1340
2,Bihar,905,Purnea,1978,3395,3699,1340
2,Bihar,905,Purnea,1979,3150,4070,1340
2,Bihar,905,Purnea,1980,4350,5415,1830
2,Bihar,905,Purnea,1981,5110,5860,2170
2,Bihar,905,Purnea,1982,4890,5570,2085
2,Bihar,905,Purnea,1983,4670,5310,2000
2,Bihar,905,Purnea,1984,4670,5310,2000
2,Bihar,905,Purnea,1985,4670,5310,2000
2,Bihar,905,Purnea,1986,5110,5940,2170
2,Bihar,905,Purnea,1987,5110,5940,2170
2,Bihar,905,Purnea,1988,5110,5940,2170
2,Bihar,905,Purnea,1989,5110,5940,2170
2,Bihar,905,Purnea,1990,5110,5940,2170
2,Bihar,905,Purnea,1991,6650,7750,2830
2,Bihar,905,Purnea,1992,6000,-1,-1
2,Bihar,905,Purnea,1993,6000,-1,-1
2,Bihar,905,Purnea,1994,7220,-1,-1
2,Bihar,906,Saran,1966,1511,1461,508
2,Bihar,906,Saran,1967,1578,1844,655
2,Bihar,906,Saran,1968,1911,1948,718
2,Bihar,906,Saran,1969,2096,2795,833
2,Bihar,906,Saran,1970,2053,3114,877
2,Bihar,906,Saran,1971,2010,3210,890
2,Bihar,906,Saran,1972,2080,3170,920
2,Bihar,906,Saran,1973,2280,3270,1130
2,Bihar,906,Saran,1974,4350,5630,2050
2,Bihar,906,Saran,1975,4020,6315,1900
2,Bihar,906,Saran,1976,3800,4510,1520
2,Bihar,906,Saran,1977,3480,3570,1340
2,Bihar,906,Saran,1978,3395,3699,1340
2,Bihar,906,Saran,1979,3150,4070,1340
2,Bihar,906,Saran,1980,4350,5415,1830
2,Bihar,906,Saran,1981,5110,5860,2170
2,Bihar,906,Saran,1982,4890,5570,2085
2,Bihar,906,Saran,1983,4670,5310,2000
2,Bihar,906,Saran,1984,4670,5310,2000
2,Bihar,906,Saran,1985,4670,5310,2000
2,Bihar,906,Saran,1986,5110,5940,2170
2,Bihar,906,Saran,1987,5110,5940,2170
2,Bihar,906,Saran,1988,5110,5940,2170
2,Bihar,906,Saran,1989,5110,5940,2170
2,Bihar,906,Saran,1990,5110,5940,2170
2,Bihar,906,Saran,1991,6650,7750,2830
2,Bihar,906,Saran,1992,6000,-1,-1
2,Bihar,906,Saran,1993,6000,-1,-1
2,Bihar,906,Saran,1994,7220,-1,-1
2,Bihar,907,Patna,1966,1511,1461,508
2,Bihar,907,Patna,1967,1578,1844,655
2,Bihar,907,Patna,1968,1911,1948,718
2,Bihar,907,Patna,1969,2096,2795,833
2,Bihar,907,Patna,1970,2053,3114,877
2,Bihar,907,Patna,1971,2010,3210,890
2,Bihar,907,Patna,1972,2080,3170,920
2,Bihar,907,Patna,1973,2280,3270,1130
2,Bihar,907,Patna,1974,4350,5630,2050
2,Bihar,907,Patna,1975,4020,6315,1900
2,Bihar,907,Patna,1976,3800,4510,1520
2,Bihar,907,Patna,1977,3480,3570,1340
2,Bihar,907,Patna,1978,3395,3699,1340
2,Bihar,907,Patna,1979,3150,4070,1340
2,Bihar,907,Patna,1980,4350,5415,1830
2,Bihar,907,Patna,1981,5110,5860,2170
2,Bihar,907,Patna,1982,4890,5570,2085
2,Bihar,907,Patna,1983,4670,5310,2000
2,Bihar,907,Patna,1984,4670,5310,2000
2,Bihar,907,Patna,1985,4670,5310,2000
2,Bihar,907,Patna,1986,5110,5940,2170
2,Bihar,907,Patna,1987,5110,5940,2170
2,Bihar,907,Patna,1988,5110,5940,2170
2,Bihar,907,Patna,1989,5110,5940,2170
2,Bihar,907,Patna,1990,5110,5940,2170
2,Bihar,907,Patna,1991,6650,7750,2830
2,Bihar,907,Patna,1992,6000,-1,-1
2,Bihar,907,Patna,1993,6000,-1,-1
2,Bihar,907,Patna,1994,7220,-1,-1
2,Bihar,908,Monghyr,1966,1511,1461,508
2,Bihar,908,Monghyr,1967,1578,1844,655
2,Bihar,908,Monghyr,1968,1911,1948,718
2,Bihar,908,Monghyr,1969,2096,2795,833
2,Bihar,908,Monghyr,1970,2053,3114,877
2,Bihar,908,Monghyr,1971,2010,3210,890
2,Bihar,908,Monghyr,1972,2080,3170,920
2,Bihar,908,Monghyr,1973,2280,3270,1130
2,Bihar,908,Monghyr,1974,4350,5630,2050
2,Bihar,908,Monghyr,1975,4020,6315,1900
2,Bihar,908,Monghyr,1976,3800,4510,1520
2,Bihar,908,Monghyr,1977,3480,3570,1340
2,Bihar,908,Monghyr,1978,3395,3699,1340
2,Bihar,908,Monghyr,1979,3150,4070,1340
2,Bihar,908,Monghyr,1980,4350,5415,1830
2,Bihar,908,Monghyr,1981,5110,5860,2170
2,Bihar,908,Monghyr,1982,4890,5570,2085
2,Bihar,908,Monghyr,1983,4670,5310,2000
2,Bihar,908,Monghyr,1984,4670,5310,2000
2,Bihar,908,Monghyr,1985,4670,5310,2000
2,Bihar,908,Monghyr,1986,5110,5940,2170
2,Bihar,908,Monghyr,1987,5110,5940,2170
2,Bihar,908,Monghyr,1988,5110,5940,2170
2,Bihar,908,Monghyr,1989,5110,5940,2170
2,Bihar,908,Monghyr,1990,5110,5940,2170
2,Bihar,908,Monghyr,1991,6650,7750,2830
2,Bihar,908,Monghyr,1992,6000,-1,-1
2,Bihar,908,Monghyr,1993,6000,-1,-1
2,Bihar,908,Monghyr,1994,7220,-1,-1
2,Bihar,909,Bhagalpur,1966,1511,1461,508
2,Bihar,909,Bhagalpur,1967,1578,1844,655
2,Bihar,909,Bhagalpur,1968,1911,1948,718
2,Bihar,909,Bhagalpur,1969,2096,2795,833
2,Bihar,909,Bhagalpur,1970,2053,3114,877
2,Bihar,909,Bhagalpur,1971,2010,3210,890
2,Bihar,909,Bhagalpur,1972,2080,3170,920
2,Bihar,909,Bhagalpur,1973,2280,3270,1130
2,Bihar,909,Bhagalpur,1974,4350,5630,2050
2,Bihar,909,Bhagalpur,1975,4020,6315,1900
2,Bihar,909,Bhagalpur,1976,3800,4510,1520
2,Bihar,909,Bhagalpur,1977,3480,3570,1340
2,Bihar,909,Bhagalpur,1978,3395,3699,1340
2,Bihar,909,Bhagalpur,1979,3150,4070,1340
2,Bihar,909,Bhagalpur,1980,4350,5415,1830
2,Bihar,909,Bhagalpur,1981,5110,5860,2170
2,Bihar,909,Bhagalpur,1982,4890,5570,2085
2,Bihar,909,Bhagalpur,1983,4670,5310,2000
2,Bihar,909,Bhagalpur,1984,4670,5310,2000
2,Bihar,909,Bhagalpur,1985,4670,5310,2000
2,Bihar,909,Bhagalpur,1986,5110,5940,2170
2,Bihar,909,Bhagalpur,1987,5110,5940,2170
2,Bihar,909,Bhagalpur,1988,5110,5940,2170
2,Bihar,909,Bhagalpur,1989,5110,5940,2170
2,Bihar,909,Bhagalpur,1990,5110,5940,2170
2,Bihar,909,Bhagalpur,1991,6650,7750,2830
2,Bihar,909,Bhagalpur,1992,6000,-1,-1
2,Bihar,909,Bhagalpur,1993,6000,-1,-1
2,Bihar,909,Bhagalpur,1994,7220,-1,-1
2,Bihar,910,Santhal Paragana,1966,1511,1461,508
2,Bihar,910,Santhal Paragana,1967,1578,1844,655
2,Bihar,910,Santhal Paragana,1968,1911,1948,718
2,Bihar,910,Santhal Paragana,1969,2096,2795,833
2,Bihar,910,Santhal Paragana,1970,2053,3114,877
2,Bihar,910,Santhal Paragana,1971,2010,3210,890
2,Bihar,910,Santhal Paragana,1972,2080,3170,920
2,Bihar,910,Santhal Paragana,1973,2280,3270,1130
2,Bihar,910,Santhal Paragana,1974,4350,5630,2050
2,Bihar,910,Santhal Paragana,1975,4020,6315,1900
2,Bihar,910,Santhal Paragana,1976,3800,4510,1520
2,Bihar,910,Santhal Paragana,1977,3480,3570,1340
2,Bihar,910,Santhal Paragana,1978,3395,3699,1340
2,Bihar,910,Santhal Paragana,1979,3150,4070,1340
2,Bihar,910,Santhal Paragana,1980,4350,5415,1830
2,Bihar,910,Santhal Paragana,1981,5110,5860,2170
2,Bihar,910,Santhal Paragana,1982,4890,5570,2085
2,Bihar,910,Santhal Paragana,1983,4670,5310,2000
2,Bihar,910,Santhal Paragana,1984,4670,5310,2000
2,Bihar,910,Santhal Paragana,1985,4670,5310,2000
2,Bihar,910,Santhal Paragana,1986,5110,5940,2170
2,Bihar,910,Santhal Paragana,1987,5110,5940,2170
2,Bihar,910,Santhal Paragana,1988,5110,5940,2170
2,Bihar,910,Santhal Paragana,1989,-1,-1,-1
2,Bihar,910,Santhal Paragana,1990,-1,-1,-1
2,Bihar,910,Santhal Paragana,1991,6650,7750,2830
2,Bihar,910,Santhal Paragana,1992,6000,-1,-1
2,Bihar,910,Santhal Paragana,1993,6000,-1,-1
2,Bihar,910,Santhal Paragana,1994,7220,-1,-1
2,Bihar,911,Shahabad,1966,1511,1461,508
2,Bihar,911,Shahabad,1967,1578,1844,655
2,Bihar,911,Shahabad,1968,1911,1948,718
2,Bihar,911,Shahabad,1969,2096,2795,833
2,Bihar,911,Shahabad,1970,2053,3114,877
2,Bihar,911,Shahabad,1971,-1,-1,-1
2,Bihar,911,Shahabad,1973,2280,3270,1130
2,Bihar,911,Shahabad,1974,4350,5630,2050
2,Bihar,911,Shahabad,1975,4020,6315,1900
2,Bihar,911,Shahabad,1976,3800,4510,1520
2,Bihar,911,Shahabad,1977,3480,3570,1340
2,Bihar,911,Shahabad,1978,3395,3699,1340
2,Bihar,911,Shahabad,1979,3150,4070,1340
2,Bihar,911,Shahabad,1980,4350,5415,1830
2,Bihar,911,Shahabad,1981,5110,5860,2170
2,Bihar,911,Shahabad,1982,4890,5570,2085
2,Bihar,911,Shahabad,1983,4670,5310,2000
2,Bihar,911,Shahabad,1984,4670,5310,2000
2,Bihar,911,Shahabad,1985,4670,5310,2000
2,Bihar,911,Shahabad,1986,5110,5940,2170
2,Bihar,911,Shahabad,1987,5110,5940,2170
2,Bihar,911,Shahabad,1988,5110,5940,2170
2,Bihar,911,Shahabad,1989,5110,5940,2170
2,Bihar,911,Shahabad,1990,5110,5940,2170
2,Bihar,911,Shahabad,1991,6650,7750,2830
2,Bihar,911,Shahabad,1992,6000,-1,-1
2,Bihar,911,Shahabad,1993,6000,-1,-1
2,Bihar,911,Shahabad,1994,7220,-1,-1
2,Bihar,912,Gaya,1966,1511,1461,508
2,Bihar,912,Gaya,1967,1578,1844,655
2,Bihar,912,Gaya,1968,1911,1948,718
2,Bihar,912,Gaya,1969,2096,2795,833
2,Bihar,912,Gaya,1970,2053,3114,877
2,Bihar,912,Gaya,1971,2010,3210,890
2,Bihar,912,Gaya,1972,2080,3170,920
2,Bihar,912,Gaya,1973,2280,3270,1130
2,Bihar,912,Gaya,1974,4350,5630,2050
2,Bihar,912,Gaya,1975,4020,6315,1900
2,Bihar,912,Gaya,1976,3800,4510,1520
2,Bihar,912,Gaya,1977,3480,3570,1340
2,Bihar,912,Gaya,1978,3395,3699,1340
2,Bihar,912,Gaya,1979,3150,4070,1340
2,Bihar,912,Gaya,1980,4350,5415,1830
2,Bihar,912,Gaya,1981,5110,5860,2170
2,Bihar,912,Gaya,1982,4890,5570,2085
2,Bihar,912,Gaya,1983,4670,5310,2000
2,Bihar,912,Gaya,1984,4670,5310,2000
2,Bihar,912,Gaya,1985,4670,5310,2000
2,Bihar,912,Gaya,1986,5110,5940,2170
2,Bihar,912,Gaya,1987,5110,5940,2170
2,Bihar,912,Gaya,1988,5110,5940,2170
2,Bihar,912,Gaya,1989,5110,5940,2170
2,Bihar,912,Gaya,1990,5110,5940,2170
2,Bihar,912,Gaya,1991,6650,7750,2830
2,Bihar,912,Gaya,1992,6000,-1,-1
2,Bihar,912,Gaya,1993,6000,-1,-1
2,Bihar,912,Gaya,1994,7220,-1,-1
2,Bihar,913,Hazaribagh,1966,1511,1461,508
2,Bihar,913,Hazaribagh,1967,1578,1844,655
2,Bihar,913,Hazaribagh,1968,1911,1948,718
2,Bihar,913,Hazaribagh,1969,2096,2795,833
2,Bihar,913,Hazaribagh,1970,2053,3114,877
2,Bihar,913,Hazaribagh,1971,2010,3210,890
2,Bihar,913,Hazaribagh,1972,2080,3170,920
2,Bihar,913,Hazaribagh,1973,2280,3270,1130
2,Bihar,913,Hazaribagh,1974,4350,5630,2050
2,Bihar,913,Hazaribagh,1975,4020,6315,1900
2,Bihar,913,Hazaribagh,1976,3800,4510,1520
2,Bihar,913,Hazaribagh,1977,3480,3570,1340
2,Bihar,913,Hazaribagh,1978,3395,3699,1340
2,Bihar,913,Hazaribagh,1979,3150,4070,1340
2,Bihar,913,Hazaribagh,1980,4350,5415,1830
2,Bihar,913,Hazaribagh,1981,5110,5860,2170
2,Bihar,913,Hazaribagh,1982,4890,5570,2085
2,Bihar,913,Hazaribagh,1983,4670,5310,2000
2,Bihar,913,Hazaribagh,1984,4670,5310,2000
2,Bihar,913,Hazaribagh,1985,4670,5310,2000
2,Bihar,913,Hazaribagh,1986,5110,5940,2170
2,Bihar,913,Hazaribagh,1987,5110,5940,2170
2,Bihar,913,Hazaribagh,1988,5110,5940,2170
2,Bihar,913,Hazaribagh,1989,5110,5940,2170
2,Bihar,913,Hazaribagh,1990,5110,5940,2170
2,Bihar,913,Hazaribagh,1991,6650,7750,2830
2,Bihar,913,Hazaribagh,1992,6000,-1,-1
2,Bihar,913,Hazaribagh,1993,6000,-1,-1
2,Bihar,913,Hazaribagh,1994,7220,-1,-1
2,Bihar,914,Dhanbad,1966,1511,1461,508
2,Bihar,914,Dhanbad,1967,1578,1844,655
2,Bihar,914,Dhanbad,1968,1911,1948,718
2,Bihar,914,Dhanbad,1969,2096,2795,833
2,Bihar,914,Dhanbad,1970,2053,3114,877
2,Bihar,914,Dhanbad,1971,2010,3210,890
2,Bihar,914,Dhanbad,1972,2080,3170,920
2,Bihar,914,Dhanbad,1973,2280,3270,1130
2,Bihar,914,Dhanbad,1974,4350,5630,2050
2,Bihar,914,Dhanbad,1975,4020,6315,1900
2,Bihar,914,Dhanbad,1976,3800,4510,1520
2,Bihar,914,Dhanbad,1977,3480,3570,1340
2,Bihar,914,Dhanbad,1978,3395,3699,1340
2,Bihar,914,Dhanbad,1979,3150,4070,1340
2,Bihar,914,Dhanbad,1980,4350,5415,1830
2,Bihar,914,Dhanbad,1981,5110,5860,2170
2,Bihar,914,Dhanbad,1982,4890,5570,2085
2,Bihar,914,Dhanbad,1983,4670,5310,2000
2,Bihar,914,Dhanbad,1984,4670,5310,2000
2,Bihar,914,Dhanbad,1985,4670,5310,2000
2,Bihar,914,Dhanbad,1986,5110,5940,2170
2,Bihar,914,Dhanbad,1987,5110,5940,2170
2,Bihar,914,Dhanbad,1988,5110,5940,2170
2,Bihar,914,Dhanbad,1989,5110,5940,2170
2,Bihar,914,Dhanbad,1990,5110,5940,2170
2,Bihar,914,Dhanbad,1991,6650,7750,2830
2,Bihar,914,Dhanbad,1992,6000,-1,-1
2,Bihar,914,Dhanbad,1993,6000,-1,-1
2,Bihar,914,Dhanbad,1994,7220,-1,-1
2,Bihar,915,Palamau,1966,1511,1461,508
2,Bihar,915,Palamau,1967,1578,1844,655
2,Bihar,915,Palamau,1968,1911,1948,718
2,Bihar,915,Palamau,1969,2096,2795,833
2,Bihar,915,Palamau,1970,2053,3114,877
2,Bihar,915,Palamou,1971,2010,3210,890
2,Bihar,915,Palamou,1972,2080,3170,920
2,Bihar,915,Palamou,1973,2280,3270,1130
2,Bihar,915,Palamou,1974,4350,5630,2050
2,Bihar,915,Palamou,1975,4020,6315,1900
2,Bihar,915,Palamou,1976,3800,4510,1520
2,Bihar,915,Palamou,1977,3480,3570,1340
2,Bihar,915,Palamou,1978,3395,3699,1340
2,Bihar,915,Palamau,1979,3150,4070,1340
2,Bihar,915,Palamou,1980,4350,5415,1830
2,Bihar,915,Palamau,1981,5110,5860,2170
2,Bihar,915,Palamou,1982,4890,5570,2085
2,Bihar,915,Palamau,1983,4670,5310,2000
2,Bihar,915,Palamou,1984,4670,5310,2000
2,Bihar,915,Palamau,1985,4670,5310,2000
2,Bihar,915,Palamau,1986,5110,5940,2170
2,Bihar,915,Palamau,1987,5110,5940,2170
2,Bihar,915,Palamau,1988,5110,5940,2170
2,Bihar,915,Palamau,1989,5110,5940,2170
2,Bihar,915,Palamau,1990,5110,5940,2170
2,Bihar,915,Palamau,1991,6650,7750,2830
2,Bihar,915,Palamau,1992,6000,-1,-1
2,Bihar,915,Palamou,1993,6000,-1,-1
2,Bihar,915,Palamou,1994,7220,-1,-1
2,Bihar,916,Ranchi,1966,1511,1461,508
2,Bihar,916,Ranchi,1967,1578,1844,655
2,Bihar,916,Ranchi,1968,1911,1948,718
2,Bihar,916,Ranchi,1969,2096,2795,833
2,Bihar,916,Ranchi,1970,2053,3114,877
2,Bihar,916,Ranchi,1971,2010,3210,890
2,Bihar,916,Ranchi,1972,2080,3170,920
2,Bihar,916,Ranchi,1973,2280,3270,1130
2,Bihar,916,Ranchi,1974,4350,5630,2050
2,Bihar,916,Ranchi,1975,4020,6315,1900
2,Bihar,916,Ranchi,1976,3800,4510,1520
2,Bihar,916,Ranchi,1977,3480,3570,1340
2,Bihar,916,Ranchi,1978,3395,3699,1340
2,Bihar,916,Ranchi,1979,3150,4070,1340
2,Bihar,916,Ranchi,1980,4350,5415,1830
2,Bihar,916,Ranchi,1981,5110,5860,2170
2,Bihar,916,Ranchi,1982,4890,5570,2085
2,Bihar,916,Ranchi,1983,4670,5310,2000
2,Bihar,916,Ranchi,1984,4670,5310,2000
2,Bihar,916,Ranchi,1985,4670,5310,2000
2,Bihar,916,Ranchi,1986,5110,5940,2170
2,Bihar,916,Ranchi,1987,5110,5940,2170
2,Bihar,916,Ranchi,1988,5110,5940,2170
2,Bihar,916,Ranchi,1989,5110,5940,2170
2,Bihar,916,Ranchi,1990,5110,5940,2170
2,Bihar,916,Ranchi,1991,6650,7750,2830
2,Bihar,916,Ranchi,1992,6000,-1,-1
2,Bihar,916,Ranchi,1993,6000,-1,-1
2,Bihar,916,Ranchi,1994,7220,-1,-1
2,Bihar,917,Singhbhum,1966,1511,1461,508
2,Bihar,917,Singhbhum,1967,1578,1844,655
2,Bihar,917,Singhbhum,1968,1911,1948,718
2,Bihar,917,Singhbhum,1969,2096,2795,833
2,Bihar,917,Singhbhum,1970,2053,3114,877
2,Bihar,917,Singhbhum,1971,2010,3210,890
2,Bihar,917,Singhbhum,1972,2080,3170,920
2,Bihar,917,Singhbhum,1973,2280,3270,1130
2,Bihar,917,Singhbhum,1974,4350,5630,2050
2,Bihar,917,Singhbhum,1975,4020,6315,1900
2,Bihar,917,Singhbhum,1976,3800,4510,1520
2,Bihar,917,Singhbhum,1977,3480,3570,1340
2,Bihar,917,Singhbhum,1978,3395,3699,1340
2,Bihar,917,Singhbhum,1979,3150,4070,1340
2,Bihar,917,Singhbhum,1980,4350,5415,1830
2,Bihar,917,Singhbhum,1981,5110,5860,2170
2,Bihar,917,Singhbhum,1982,4890,5570,2085
2,Bihar,917,Singhbhum,1983,4670,5310,2000
2,Bihar,917,Singhbhum,1984,4670,5310,2000
2,Bihar,917,Singhbhum,1985,4670,5310,2000
2,Bihar,917,Singhbhum,1986,5110,5940,2170
2,Bihar,917,Singhbhum,1987,5110,5940,2170
2,Bihar,917,Singhbhum,1988,5110,5940,2170
2,Bihar,917,Singhbhum,1989,5110,5940,2170
2,Bihar,917,Singhbhum,1990,5110,5940,2170
2,Bihar,917,Singhbhum,1991,6650,7750,2830
2,Bihar,917,Singhbhum,1992,6000,-1,-1
2,Bihar,917,Singhbhum,1993,6000,-1,-1
2,Bihar,917,Singhbhum,1994,7220,-1,-1
