State_Name,District_Name,Crop_Year,Season,Crop,Area,Production
1,24,1999,Rabi,Safflower,881.0,145.0
1,24,2000,Rabi,Safflower,703.0,129.0
1,24,2001,Rabi,Safflower,3768.0,528.0
1,24,2002,Rabi,Safflower,2594.0,340.0
1,24,2003,Rabi,Safflower,307.0,11.0
1,24,2004,Rabi,Safflower,186.0,10.0
1,24,2005,Rabi,Safflower,162.0,33.0
1,24,2006,Rabi,Safflower,72.0,28.0
1,24,2008,Rabi,Safflower,113.0,44.0
1,24,2009,Rabi,Safflower,46.0,20.0
1,24,2010,Rabi,Safflower,45.0,31.0
1,24,2011,Rabi,Safflower,84.0,63.0
1,24,2012,Rabi,Safflower,20.0,33.0
1,24,2013,Rabi,Safflower,58.0,41.0
1,24,2013,Whole Year,Safflower,58.0,41.0
1,24,2014,Rabi,Safflower,310.0,87.0
1,172,1999,Rabi,Safflower,44.0,12.0
1,217,2003,Rabi,Safflower,6.0,2.0
1,274,2000,Rabi,Safflower,4.0,1.0
1,274,2002,Rabi,Safflower,1.0,
1,274,2004,Rabi,Safflower,4.0,1.0
1,274,2005,Rabi,Safflower,28.0,9.0
1,274,2010,Rabi,Safflower,121.0,82.0
1,274,2012,Rabi,Safflower,5.0,8.0
1,274,2014,Rabi,Safflower,300.0,93.0
1,335,1999,Rabi,Safflower,12.0,3.0
1,340,1999,Rabi,Safflower,2208.0,726.0
1,340,2000,Rabi,Safflower,3374.0,1140.0
1,340,2001,Rabi,Safflower,2063.0,759.0
1,340,2002,Rabi,Safflower,1642.0,603.0
1,340,2003,Rabi,Safflower,2420.0,813.0
1,340,2004,Rabi,Safflower,1070.0,260.0
1,340,2005,Rabi,Safflower,1373.0,487.0
1,340,2006,Rabi,Safflower,708.0,280.0
1,340,2008,Rabi,Safflower,380.0,147.0
1,340,2009,Rabi,Safflower,713.0,194.0
1,340,2010,Rabi,Safflower,827.0,789.0
1,340,2011,Rabi,Safflower,143.0,104.0
1,340,2012,Rabi,Safflower,251.0,131.0
1,340,2013,Rabi,Safflower,144.0,70.0
1,340,2013,Whole Year,Safflower,144.0,70.0
1,340,2014,Kharif,Safflower,85.0,37.0
1,340,2014,Rabi,Safflower,68.0,30.0
1,463,2005,Rabi,Safflower,7.0,2.0
1,463,2006,Rabi,Safflower,10.0,4.0
1,463,2013,Rabi,Safflower,13.0,9.0
1,463,2013,Whole Year,Safflower,13.0,9.0
1,463,2014,Rabi,Safflower,3.0,1.0
1,566,2000,Rabi,Safflower,3.0,1.0
1,566,2002,Rabi,Safflower,118.0,38.0
1,566,2003,Rabi,Safflower,1219.0,368.0
1,566,2004,Rabi,Safflower,64.0,14.0
1,567,2000,Rabi,Safflower,2.0,
1,625,1999,Rabi,Safflower,2.0,1.0
1,633,1999,Rabi,Safflower,390.0,110.0
1,633,2002,Rabi,Safflower,6.0,2.0
4,29,2011,Kharif,Safflower,1.0,1.0
4,29,2012,Rabi,Safflower,1.0,1.0
4,34,2001,Rabi,Safflower,3.0,2.0
4,53,1998,Rabi,Safflower,5.0,3.0
4,53,1999,Rabi,Safflower,3.0,2.0
4,53,2000,Rabi,Safflower,12.0,10.0
4,53,2001,Rabi,Safflower,8.0,6.0
4,70,1997,Rabi,Safflower,71.0,24.0
4,70,1998,Rabi,Safflower,83.0,29.0
4,70,1999,Rabi,Safflower,35.0,12.0
4,70,2000,Rabi,Safflower,1.0,1.0
4,70,2003,Rabi,Safflower,1.0,1.0
4,70,2005,Rabi,Safflower,4.0,3.0
4,77,1997,Rabi,Safflower,8.0,5.0
4,77,1998,Rabi,Safflower,5.0,3.0
4,77,1999,Rabi,Safflower,8.0,5.0
4,77,2002,Rabi,Safflower,10.0,8.0
4,77,2003,Rabi,Safflower,11.0,9.0
4,77,2004,Rabi,Safflower,3.0,3.0
4,77,2005,Rabi,Safflower,8.0,6.0
4,77,2007,Rabi,Safflower,3.0,2.0
4,77,2008,Rabi,Safflower,3.0,2.0
4,85,1997,Rabi,Safflower,10.0,6.0
4,102,1997,Rabi,Safflower,35.0,29.0
4,102,1998,Rabi,Safflower,76.0,63.0
4,102,1999,Rabi,Safflower,69.0,57.0
4,102,2000,Rabi,Safflower,69.0,55.0
4,102,2001,Rabi,Safflower,71.0,59.0
4,102,2002,Rabi,Safflower,2.0,2.0
4,102,2003,Rabi,Safflower,2.0,2.0
4,135,2007,Rabi,Safflower,4.0,3.0
4,135,2008,Rabi,Safflower,4.0,3.0
4,135,2010,Kharif,Safflower,4.0,3.0
4,135,2011,Kharif,Safflower,101.0,81.0
4,135,2012,Rabi,Safflower,101.0,81.0
4,135,2013,Rabi,Safflower,102.0,82.0
4,135,2014,Rabi,Safflower,101.0,81.0
4,202,1997,Rabi,Safflower,12.0,9.0
4,202,2002,Rabi,Safflower,4.0,3.0
4,202,2005,Rabi,Safflower,2.0,2.0
4,202,2007,Rabi,Safflower,2.0,2.0
4,202,2008,Rabi,Safflower,2.0,2.0
4,212,1998,Rabi,Safflower,153.0,87.0
4,212,1999,Rabi,Safflower,148.0,77.0
4,212,2000,Rabi,Safflower,150.0,120.0
4,212,2008,Rabi,Safflower,11.0,9.0
4,275,1997,Rabi,Safflower,9.0,7.0
4,275,1998,Rabi,Safflower,7.0,6.0
4,301,1997,Rabi,Safflower,18.0,12.0
4,301,2005,Rabi,Safflower,5.0,4.0
4,306,1997,Rabi,Safflower,6.0,2.0
4,306,1998,Rabi,Safflower,13.0,4.0
4,306,1999,Rabi,Safflower,4.0,1.0
4,306,2000,Rabi,Safflower,3.0,2.0
4,306,2001,Rabi,Safflower,90.0,69.0
4,306,2002,Rabi,Safflower,84.0,69.0
4,306,2003,Rabi,Safflower,85.0,69.0
4,306,2004,Rabi,Safflower,86.0,69.0
4,317,1997,Rabi,Safflower,21.0,14.0
4,317,1999,Rabi,Safflower,3.0,2.0
4,317,2008,Rabi,Safflower,9.0,7.0
4,361,2007,Rabi,Safflower,72.0,57.0
4,361,2008,Rabi,Safflower,67.0,57.0
4,361,2013,Rabi,Safflower,1.0,1.0
4,362,1997,Rabi,Safflower,1.0,1.0
4,362,1999,Rabi,Safflower,4.0,2.0
4,399,2010,Kharif,Safflower,21.0,17.0
4,402,1997,Rabi,Safflower,35.0,22.0
4,402,1998,Rabi,Safflower,275.0,157.0
4,402,1999,Rabi,Safflower,43.0,24.0
4,402,2003,Rabi,Safflower,43.0,34.0
4,402,2004,Rabi,Safflower,43.0,34.0
4,402,2005,Rabi,Safflower,43.0,34.0
4,402,2010,Kharif,Safflower,6.0,5.0
4,402,2011,Kharif,Safflower,2.0,2.0
4,402,2014,Rabi,Safflower,1.0,1.0
4,411,2011,Kharif,Safflower,152.0,122.0
4,423,1997,Rabi,Safflower,12.0,9.0
4,423,1998,Rabi,Safflower,3.0,2.0
4,423,2000,Rabi,Safflower,4.0,3.0
4,423,2001,Rabi,Safflower,4.0,3.0
4,423,2002,Rabi,Safflower,4.0,3.0
4,448,1997,Rabi,Safflower,18.0,11.0
4,448,1998,Rabi,Safflower,23.0,13.0
4,448,1999,Rabi,Safflower,31.0,18.0
4,448,2000,Rabi,Safflower,32.0,25.0
4,448,2001,Rabi,Safflower,29.0,23.0
4,448,2002,Rabi,Safflower,36.0,29.0
4,448,2003,Rabi,Safflower,36.0,29.0
4,448,2004,Rabi,Safflower,35.0,28.0
4,448,2005,Rabi,Safflower,36.0,29.0
4,448,2007,Rabi,Safflower,22.0,18.0
4,448,2008,Rabi,Safflower,23.0,18.0
4,448,2010,Kharif,Safflower,21.0,17.0
4,448,2011,Kharif,Safflower,3.0,2.0
4,448,2012,Rabi,Safflower,2.0,2.0
4,453,1997,Rabi,Safflower,71.0,55.0
4,470,1997,Rabi,Safflower,6.0,4.0
4,470,2005,Rabi,Safflower,74.0,59.0
4,470,2008,Rabi,Safflower,74.0,59.0
4,498,2003,Rabi,Safflower,22.0,18.0
4,498,2004,Rabi,Safflower,18.0,15.0
4,505,2000,Rabi,Safflower,2.0,2.0
4,505,2001,Rabi,Safflower,3.0,2.0
4,505,2010,Kharif,Safflower,5.0,4.0
4,509,1997,Rabi,Safflower,69.0,43.0
4,509,1998,Rabi,Safflower,13.0,7.0
4,509,1999,Rabi,Safflower,228.0,128.0
4,509,2001,Rabi,Safflower,17.0,7.0
4,509,2008,Rabi,Safflower,4.0,3.0
4,509,2013,Rabi,Safflower,1541.0,1241.0
4,518,2005,Rabi,Safflower,1.0,1.0
4,518,2008,Rabi,Safflower,4.0,3.0
4,532,1997,Rabi,Safflower,9.0,6.0
4,548,1997,Rabi,Safflower,8.0,5.0
4,548,2001,Rabi,Safflower,12.0,10.0
4,548,2002,Rabi,Safflower,12.0,10.0
4,548,2007,Rabi,Safflower,10.0,8.0
4,548,2008,Rabi,Safflower,12.0,10.0
4,548,2010,Kharif,Safflower,13.0,10.0
4,548,2011,Kharif,Safflower,2.0,2.0
4,552,1997,Rabi,Safflower,4.0,2.0
4,552,1999,Rabi,Safflower,34.0,18.0
4,552,2000,Rabi,Safflower,2.0,2.0
4,572,2004,Rabi,Safflower,24.0,19.0
4,572,2007,Rabi,Safflower,2.0,2.0
4,572,2008,Rabi,Safflower,2.0,2.0
4,618,2002,Rabi,Safflower,10.0,8.0
4,618,2004,Rabi,Safflower,6.0,5.0
4,618,2011,Kharif,Safflower,21.0,17.0
6,46,2011,Rabi,Safflower,15.0,4.0
6,46,2012,Rabi,Safflower,111.0,24.0
6,46,2013,Rabi,Safflower,1.0,
6,46,2014,Rabi,Safflower,14.0,4.0
6,47,2011,Rabi,Safflower,67.0,17.0
6,47,2012,Rabi,Safflower,49.0,13.0
6,47,2013,Rabi,Safflower,82.0,20.0
6,47,2014,Rabi,Safflower,91.0,27.0
6,66,2000,Rabi,Safflower,3.0,1.0
6,73,2011,Rabi,Safflower,94.0,22.0
6,73,2012,Rabi,Safflower,198.0,51.0
6,73,2013,Rabi,Safflower,203.0,40.0
6,73,2014,Rabi,Safflower,116.0,25.0
6,91,2000,Rabi,Safflower,635.0,126.0
6,91,2001,Rabi,Safflower,73.0,16.0
6,91,2002,Rabi,Safflower,20.0,4.0
6,91,2003,Rabi,Safflower,116.0,24.0
6,91,2004,Rabi,Safflower,102.0,19.0
6,91,2005,Rabi,Safflower,103.0,22.0
6,91,2006,Rabi,Safflower,315.0,61.0
6,91,2007,Rabi,Safflower,50.0,11.0
6,91,2008,Rabi,Safflower,307.0,65.0
6,91,2009,Rabi,Safflower,302.0,120.0
6,91,2010,Rabi,Safflower,348.0,129.0
6,91,2012,Rabi,Safflower,22.0,8.0
6,91,2013,Rabi,Safflower,23.0,49.0
6,134,2005,Rabi,Safflower,1.0,
6,147,2000,Rabi,Safflower,2.0,1.0
6,147,2001,Rabi,Safflower,15.0,4.0
6,147,2002,Rabi,Safflower,104.0,22.0
6,147,2003,Rabi,Safflower,196.0,49.0
6,147,2004,Rabi,Safflower,307.0,65.0
6,147,2005,Rabi,Safflower,396.0,100.0
6,147,2006,Rabi,Safflower,221.0,57.0
6,147,2007,Rabi,Safflower,112.0,29.0
6,147,2008,Rabi,Safflower,50.0,13.0
6,147,2009,Rabi,Safflower,70.0,19.0
6,147,2010,Rabi,Safflower,50.0,13.0
6,147,2011,Rabi,Safflower,35.0,9.0
6,147,2012,Rabi,Safflower,13.0,4.0
6,147,2013,Rabi,Safflower,8.0,2.0
6,147,2014,Rabi,Safflower,10.0,3.0
6,169,2000,Rabi,Safflower,109.0,21.0
6,169,2001,Rabi,Safflower,108.0,26.0
6,169,2002,Rabi,Safflower,91.0,21.0
6,169,2003,Rabi,Safflower,235.0,56.0
6,169,2004,Rabi,Safflower,311.0,65.0
6,169,2005,Rabi,Safflower,258.0,65.0
6,169,2006,Rabi,Safflower,267.0,61.0
6,169,2007,Rabi,Safflower,207.0,52.0
6,169,2008,Rabi,Safflower,211.0,53.0
6,169,2009,Rabi,Safflower,298.0,59.0
6,169,2010,Rabi,Safflower,174.0,40.0
6,169,2011,Rabi,Safflower,33.0,8.0
6,169,2012,Rabi,Safflower,32.0,9.0
6,169,2013,Rabi,Safflower,20.0,5.0
6,169,2014,Rabi,Safflower,86.0,23.0
6,258,2000,Rabi,Safflower,21.0,4.0
6,258,2002,Rabi,Safflower,54.0,10.0
6,258,2003,Rabi,Safflower,28.0,7.0
6,258,2004,Rabi,Safflower,26.0,6.0
6,258,2005,Rabi,Safflower,34.0,8.0
6,258,2006,Rabi,Safflower,44.0,11.0
6,258,2007,Rabi,Safflower,37.0,8.0
6,258,2008,Rabi,Safflower,27.0,6.0
6,258,2009,Rabi,Safflower,22.0,5.0
6,258,2010,Rabi,Safflower,20.0,5.0
6,258,2011,Rabi,Safflower,8.0,2.0
6,258,2012,Rabi,Safflower,17.0,4.0
6,258,2013,Rabi,Safflower,14.0,3.0
6,258,2014,Rabi,Safflower,9.0,2.0
6,272,2000,Rabi,Safflower,93.0,31.0
6,272,2001,Rabi,Safflower,26.0,11.0
6,272,2002,Rabi,Safflower,64.0,26.0
6,272,2003,Rabi,Safflower,79.0,32.0
6,272,2004,Rabi,Safflower,34.0,14.0
6,272,2005,Rabi,Safflower,29.0,9.0
6,272,2006,Rabi,Safflower,10.0,4.0
6,272,2007,Rabi,Safflower,9.0,4.0
6,272,2008,Rabi,Safflower,9.0,4.0
6,272,2009,Rabi,Safflower,7.0,2.0
6,272,2011,Rabi,Safflower,5.0,2.0
6,272,2012,Rabi,Safflower,5.0,2.0
6,272,2013,Rabi,Safflower,3.0,1.0
6,272,2014,Rabi,Safflower,3.0,2.0
6,283,2000,Rabi,Safflower,1.0,
6,283,2002,Rabi,Safflower,3.0,1.0
6,283,2003,Rabi,Safflower,5.0,1.0
6,283,2004,Rabi,Safflower,1.0,
6,283,2005,Rabi,Safflower,1.0,
6,331,2003,Rabi,Safflower,1.0,
6,365,2002,Rabi,Safflower,3.0,1.0
6,365,2003,Rabi,Safflower,1.0,
6,365,2011,Rabi,Safflower,1.0,
6,365,2012,Rabi,Safflower,1.0,
6,398,2011,Rabi,Safflower,120.0,45.0
6,398,2012,Rabi,Safflower,134.0,51.0
6,398,2013,Rabi,Safflower,114.0,48.0
6,398,2014,Rabi,Safflower,182.0,73.0
6,475,2001,Rabi,Safflower,24.0,5.0
6,475,2002,Rabi,Safflower,95.0,17.0
6,475,2003,Rabi,Safflower,114.0,21.0
6,475,2004,Rabi,Safflower,51.0,9.0
6,475,2005,Rabi,Safflower,24.0,4.0
6,475,2006,Rabi,Safflower,16.0,3.0
6,475,2007,Rabi,Safflower,40.0,7.0
6,475,2008,Rabi,Safflower,35.0,7.0
6,475,2009,Rabi,Safflower,30.0,6.0
6,475,2010,Rabi,Safflower,13.0,3.0
6,475,2011,Rabi,Safflower,22.0,5.0
6,475,2012,Rabi,Safflower,21.0,4.0
6,475,2013,Rabi,Safflower,22.0,5.0
6,475,2014,Rabi,Safflower,8.0,2.0
6,476,2000,Rabi,Safflower,83.0,19.0
6,476,2001,Rabi,Safflower,88.0,21.0
6,476,2002,Rabi,Safflower,78.0,16.0
6,476,2003,Rabi,Safflower,93.0,20.0
6,476,2004,Rabi,Safflower,124.0,25.0
6,476,2005,Rabi,Safflower,97.0,20.0
6,476,2006,Rabi,Safflower,109.0,23.0
6,476,2007,Rabi,Safflower,44.0,9.0
6,476,2008,Rabi,Safflower,84.0,34.0
6,476,2009,Rabi,Safflower,99.0,23.0
6,476,2010,Rabi,Safflower,190.0,46.0
6,476,2011,Rabi,Safflower,75.0,19.0
6,476,2012,Rabi,Safflower,66.0,19.0
6,476,2013,Rabi,Safflower,37.0,9.0
6,476,2014,Rabi,Safflower,804.0,230.0
6,481,2000,Rabi,Safflower,2.0,1.0
6,481,2001,Rabi,Safflower,3.0,1.0
6,481,2002,Rabi,Safflower,2.0,1.0
6,481,2003,Rabi,Safflower,11.0,4.0
6,481,2004,Rabi,Safflower,8.0,3.0
6,481,2005,Rabi,Safflower,10.0,3.0
6,481,2006,Rabi,Safflower,6.0,2.0
6,481,2007,Rabi,Safflower,13.0,4.0
6,481,2008,Rabi,Safflower,22.0,9.0
6,481,2009,Rabi,Safflower,19.0,7.0
6,481,2010,Rabi,Safflower,7.0,3.0
6,481,2011,Rabi,Safflower,2.0,1.0
6,481,2012,Rabi,Safflower,12.0,6.0
6,481,2013,Rabi,Safflower,5.0,2.0
6,481,2014,Rabi,Safflower,6.0,2.0
6,576,2001,Rabi,Safflower,1.0,
6,576,2002,Rabi,Safflower,1.0,
6,576,2003,Rabi,Safflower,1.0,
6,576,2005,Rabi,Safflower,7.0,1.0
6,576,2006,Rabi,Safflower,1.0,
14,37,1998,Rabi,Safflower,4590.0,3570.0
14,37,1999,Rabi,Safflower,3926.0,2828.0
14,37,2000,Rabi,Safflower,3296.0,3023.0
14,37,2001,Rabi,Safflower,4793.0,2817.0
14,37,2002,Rabi,Safflower,3916.0,2703.0
14,37,2003,Rabi,Safflower,2767.0,343.0
14,37,2004,Rabi,Safflower,2857.0,943.0
14,37,2005,Rabi,Safflower,2901.0,1293.0
14,37,2006,Rabi,Safflower,3865.0,1345.0
14,37,2007,Rabi,Safflower,3098.0,2688.0
14,37,2008,Rabi,Safflower,3580.0,2258.0
14,37,2009,Rabi,Safflower,2570.0,1734.0
14,37,2010,Rabi,Safflower,2708.0,1945.0
14,37,2011,Rabi,Safflower,2500.0,2225.0
14,37,2012,Rabi,Safflower,1338.0,824.0
14,37,2013,Rabi,Safflower,910.0,272.0
14,37,2014,Rabi,Safflower,890.0,348.0
14,71,1998,Rabi,Safflower,6427.0,2930.0
14,71,1999,Rabi,Safflower,6584.0,3116.0
14,71,2000,Rabi,Safflower,7250.0,3810.0
14,71,2001,Rabi,Safflower,4700.0,2694.0
14,71,2002,Rabi,Safflower,6401.0,3492.0
14,71,2003,Rabi,Safflower,10361.0,2699.0
14,71,2004,Rabi,Safflower,11490.0,5472.0
14,71,2005,Rabi,Safflower,9662.0,6991.0
14,71,2006,Rabi,Safflower,8131.0,4665.0
14,71,2007,Rabi,Safflower,7829.0,4305.0
14,71,2008,Rabi,Safflower,6937.0,5183.0
14,71,2009,Rabi,Safflower,6084.0,3140.0
14,71,2010,Rabi,Safflower,5901.0,7796.0
14,71,2011,Rabi,Safflower,6059.0,2595.0
14,71,2012,Rabi,Safflower,4847.0,1552.0
14,71,2013,Rabi,Safflower,2388.0,1348.0
14,71,2014,Rabi,Safflower,2807.0,2155.0
14,72,1998,Rabi,Safflower,6134.0,3243.0
14,72,1999,Rabi,Safflower,6116.0,6219.0
14,72,2000,Rabi,Safflower,6084.0,3237.0
14,72,2001,Rabi,Safflower,5265.0,2076.0
14,72,2002,Rabi,Safflower,2259.0,594.0
14,72,2003,Rabi,Safflower,4850.0,1209.0
14,72,2004,Rabi,Safflower,5975.0,1977.0
14,72,2005,Rabi,Safflower,4832.0,1579.0
14,72,2006,Rabi,Safflower,3765.0,1628.0
14,72,2007,Rabi,Safflower,3198.0,1972.0
14,72,2008,Rabi,Safflower,1285.0,472.0
14,72,2009,Rabi,Safflower,1343.0,411.0
14,72,2010,Rabi,Safflower,819.0,305.0
14,72,2011,Rabi,Safflower,69.0,16.0
14,72,2012,Rabi,Safflower,371.0,167.0
14,72,2013,Rabi,Safflower,121.0,202.0
14,72,2014,Rabi,Safflower,118.0,34.0
14,87,1998,Rabi,Safflower,9470.0,9140.0
14,87,1999,Rabi,Safflower,7938.0,9585.0
14,87,2000,Rabi,Safflower,9473.0,10025.0
14,87,2001,Rabi,Safflower,11239.0,16272.0
14,87,2002,Rabi,Safflower,10898.0,14173.0
14,87,2003,Rabi,Safflower,11053.0,14511.0
14,87,2004,Rabi,Safflower,12160.0,9819.0
14,87,2005,Rabi,Safflower,12705.0,15908.0
14,87,2006,Rabi,Safflower,11744.0,16021.0
14,87,2007,Rabi,Safflower,9989.0,14566.0
14,87,2008,Rabi,Safflower,10804.0,13394.0
14,87,2009,Rabi,Safflower,11412.0,15408.0
14,87,2010,Rabi,Safflower,11398.0,14548.0
14,87,2011,Rabi,Safflower,9423.0,11637.0
14,87,2012,Rabi,Safflower,11441.0,11162.0
14,87,2013,Rabi,Safflower,11513.0,11725.0
14,87,2014,Rabi,Safflower,6851.0,6886.0
14,88,1998,Rabi,Safflower,11372.0,6266.0
14,88,1999,Rabi,Safflower,11719.0,8049.0
14,88,2000,Rabi,Safflower,11056.0,7121.0
14,88,2001,Rabi,Safflower,10368.0,6481.0
14,88,2002,Rabi,Safflower,9490.0,4931.0
14,88,2003,Rabi,Safflower,9079.0,1656.0
14,88,2004,Rabi,Safflower,5644.0,3217.0
14,88,2005,Rabi,Safflower,4690.0,1568.0
14,88,2006,Rabi,Safflower,8426.0,3442.0
14,88,2007,Rabi,Safflower,6885.0,1975.0
14,88,2008,Rabi,Safflower,10224.0,4983.0
14,88,2009,Rabi,Safflower,7410.0,3393.0
14,88,2010,Rabi,Safflower,5868.0,2581.0
14,88,2011,Rabi,Safflower,7976.0,1387.0
14,88,2012,Rabi,Safflower,3868.0,1121.0
14,88,2013,Rabi,Safflower,3257.0,959.0
14,88,2014,Rabi,Safflower,2631.0,980.0
14,118,1998,Rabi,Safflower,208.0,125.0
14,118,1999,Rabi,Safflower,250.0,188.0
14,118,2000,Rabi,Safflower,288.0,222.0
14,118,2001,Rabi,Safflower,80.0,62.0
14,118,2002,Rabi,Safflower,29.0,19.0
14,118,2003,Rabi,Safflower,4.0,2.0
14,118,2004,Rabi,Safflower,10.0,5.0
14,118,2005,Rabi,Safflower,43.0,33.0
14,118,2006,Rabi,Safflower,105.0,78.0
14,118,2007,Rabi,Safflower,52.0,44.0
14,118,2008,Rabi,Safflower,54.0,44.0
14,118,2009,Rabi,Safflower,30.0,23.0
14,118,2010,Rabi,Safflower,32.0,28.0
14,118,2011,Rabi,Safflower,43.0,26.0
14,120,1998,Rabi,Safflower,1044.0,549.0
14,120,1999,Rabi,Safflower,2398.0,1800.0
14,120,2000,Rabi,Safflower,1019.0,567.0
14,120,2001,Rabi,Safflower,1358.0,535.0
14,120,2002,Rabi,Safflower,2708.0,1760.0
14,120,2003,Rabi,Safflower,5462.0,1984.0
14,120,2004,Rabi,Safflower,4153.0,1378.0
14,120,2005,Rabi,Safflower,3071.0,557.0
14,120,2006,Rabi,Safflower,2920.0,2510.0
14,120,2007,Rabi,Safflower,1952.0,1022.0
14,120,2008,Rabi,Safflower,4652.0,2581.0
14,120,2009,Rabi,Safflower,3522.0,1074.0
14,120,2010,Rabi,Safflower,523.0,300.0
14,120,2011,Rabi,Safflower,602.0,170.0
14,120,2012,Rabi,Safflower,204.0,76.0
14,120,2013,Rabi,Safflower,825.0,405.0
14,120,2014,Rabi,Safflower,1885.0,883.0
14,140,1998,Rabi,Safflower,473.0,285.0
14,140,1999,Rabi,Safflower,189.0,142.0
14,140,2000,Rabi,Safflower,430.0,332.0
14,140,2001,Rabi,Safflower,58.0,45.0
14,140,2002,Rabi,Safflower,242.0,157.0
14,140,2003,Rabi,Safflower,268.0,113.0
14,140,2004,Rabi,Safflower,151.0,36.0
14,140,2005,Rabi,Safflower,20.0,15.0
14,140,2006,Rabi,Safflower,45.0,33.0
14,140,2007,Rabi,Safflower,161.0,135.0
14,140,2008,Rabi,Safflower,30.0,24.0
14,140,2009,Rabi,Safflower,2.0,2.0
14,140,2010,Rabi,Safflower,67.0,60.0
14,140,2011,Rabi,Safflower,23.0,14.0
14,140,2014,Rabi,Safflower,1.0,1.0
14,151,1998,Rabi,Safflower,7247.0,7050.0
14,151,1999,Rabi,Safflower,7100.0,7092.0
14,151,2000,Rabi,Safflower,6533.0,6109.0
14,151,2001,Rabi,Safflower,7189.0,3982.0
14,151,2002,Rabi,Safflower,6283.0,3110.0
14,151,2003,Rabi,Safflower,14712.0,2212.0
14,151,2004,Rabi,Safflower,15581.0,10358.0
14,151,2005,Rabi,Safflower,8789.0,9273.0
14,151,2006,Rabi,Safflower,9609.0,11092.0
14,151,2007,Rabi,Safflower,8919.0,10201.0
14,151,2008,Rabi,Safflower,7026.0,10916.0
14,151,2009,Rabi,Safflower,7221.0,6937.0
14,151,2010,Rabi,Safflower,5441.0,6394.0
14,151,2011,Rabi,Safflower,14884.0,7092.0
14,151,2012,Rabi,Safflower,10716.0,3614.0
14,151,2013,Rabi,Safflower,8151.0,4569.0
14,151,2014,Rabi,Safflower,5389.0,3522.0
14,192,1998,Rabi,Safflower,5326.0,3128.0
14,192,1999,Rabi,Safflower,5325.0,4304.0
14,192,2000,Rabi,Safflower,3681.0,2994.0
14,192,2001,Rabi,Safflower,2800.0,2171.0
14,192,2002,Rabi,Safflower,6832.0,2210.0
14,192,2003,Rabi,Safflower,4425.0,1615.0
14,192,2004,Rabi,Safflower,5142.0,2926.0
14,192,2005,Rabi,Safflower,3791.0,2846.0
14,192,2006,Rabi,Safflower,5873.0,2682.0
14,192,2007,Rabi,Safflower,3209.0,3411.0
14,192,2008,Rabi,Safflower,4391.0,4292.0
14,192,2009,Rabi,Safflower,4020.0,3762.0
14,192,2010,Rabi,Safflower,1714.0,1330.0
14,192,2011,Rabi,Safflower,1852.0,1001.0
14,192,2012,Rabi,Safflower,5193.0,3883.0
14,192,2013,Rabi,Safflower,3949.0,2547.0
14,192,2014,Rabi,Safflower,2136.0,2045.0
14,214,1998,Rabi,Safflower,24459.0,12365.0
14,214,1999,Rabi,Safflower,27271.0,19118.0
14,214,2000,Rabi,Safflower,24078.0,18416.0
14,214,2001,Rabi,Safflower,21107.0,16388.0
14,214,2002,Rabi,Safflower,19101.0,13829.0
14,214,2003,Rabi,Safflower,17807.0,8363.0
14,214,2004,Rabi,Safflower,15365.0,6566.0
14,214,2005,Rabi,Safflower,15585.0,10882.0
14,214,2006,Rabi,Safflower,12788.0,8420.0
14,214,2007,Rabi,Safflower,11342.0,7734.0
14,214,2008,Rabi,Safflower,14355.0,9101.0
14,214,2009,Rabi,Safflower,14679.0,10949.0
14,214,2010,Rabi,Safflower,9877.0,5520.0
14,214,2011,Rabi,Safflower,5880.0,3962.0
14,214,2012,Rabi,Safflower,5147.0,4807.0
14,214,2013,Rabi,Safflower,4979.0,5719.0
14,214,2014,Rabi,Safflower,3203.0,2398.0
14,230,1998,Rabi,Safflower,2506.0,1471.0
14,230,1999,Rabi,Safflower,3388.0,2736.0
14,230,2000,Rabi,Safflower,2055.0,1144.0
14,230,2001,Rabi,Safflower,1708.0,922.0
14,230,2002,Rabi,Safflower,1443.0,632.0
14,230,2003,Rabi,Safflower,2252.0,663.0
14,230,2004,Rabi,Safflower,1459.0,1317.0
14,230,2005,Rabi,Safflower,1888.0,1376.0
14,230,2006,Rabi,Safflower,1766.0,1196.0
14,230,2007,Rabi,Safflower,1776.0,1517.0
14,230,2008,Rabi,Safflower,2504.0,1832.0
14,230,2009,Rabi,Safflower,1965.0,1434.0
14,230,2010,Rabi,Safflower,1453.0,595.0
14,230,2011,Rabi,Safflower,1049.0,1046.0
14,230,2012,Rabi,Safflower,1717.0,1194.0
14,230,2013,Rabi,Safflower,1080.0,926.0
14,230,2014,Rabi,Safflower,674.0,777.0
14,328,1998,Rabi,Safflower,7073.0,3454.0
14,328,1999,Rabi,Safflower,5387.0,4294.0
14,328,2000,Rabi,Safflower,6708.0,4901.0
14,328,2001,Rabi,Safflower,7564.0,5957.0
14,328,2002,Rabi,Safflower,6390.0,2143.0
14,328,2003,Rabi,Safflower,7480.0,1720.0
14,328,2004,Rabi,Safflower,7295.0,2772.0
14,328,2005,Rabi,Safflower,5660.0,2468.0
14,328,2006,Rabi,Safflower,4231.0,1021.0
14,328,2007,Rabi,Safflower,6801.0,4161.0
14,328,2008,Rabi,Safflower,3771.0,1974.0
14,328,2009,Rabi,Safflower,4326.0,1763.0
14,328,2010,Rabi,Safflower,4675.0,3700.0
14,328,2011,Rabi,Safflower,1063.0,616.0
14,328,2012,Rabi,Safflower,1208.0,831.0
14,328,2013,Rabi,Safflower,4582.0,4409.0
14,328,2014,Rabi,Safflower,4308.0,5439.0
14,473,1998,Rabi,Safflower,11158.0,5151.0
14,473,1999,Rabi,Safflower,12923.0,6012.0
14,473,2000,Rabi,Safflower,11593.0,10176.0
14,473,2001,Rabi,Safflower,13780.0,12376.0
14,473,2002,Rabi,Safflower,8954.0,5487.0
14,473,2003,Rabi,Safflower,8123.0,4509.0
14,473,2004,Rabi,Safflower,7150.0,2037.0
14,473,2005,Rabi,Safflower,7291.0,6705.0
14,473,2006,Rabi,Safflower,7325.0,5486.0
14,473,2007,Rabi,Safflower,5007.0,5491.0
14,473,2008,Rabi,Safflower,3763.0,2900.0
14,473,2009,Rabi,Safflower,3337.0,1909.0
14,473,2010,Rabi,Safflower,3517.0,2967.0
14,473,2011,Rabi,Safflower,2874.0,1911.0
14,473,2012,Rabi,Safflower,1350.0,596.0
14,473,2013,Rabi,Safflower,781.0,683.0
14,473,2014,Rabi,Safflower,1163.0,979.0
14,535,2004,Rabi,Safflower,4.0,2.0
14,535,2005,Rabi,Safflower,2.0,2.0
14,535,2009,Rabi,Safflower,3.0,2.0
14,535,2011,Rabi,Safflower,9.0,6.0
14,535,2012,Rabi,Safflower,15.0,9.0
14,535,2013,Rabi,Safflower,8.0,6.0
14,535,2014,Rabi,Safflower,11.0,9.0
14,600,2001,Rabi,Safflower,20.0,16.0
14,600,2004,Rabi,Safflower,14.0,7.0
14,600,2005,Rabi,Safflower,15.0,11.0
14,600,2006,Rabi,Safflower,14.0,10.0
14,600,2013,Rabi,Safflower,26.0,21.0
14,615,1999,Rabi,Safflower,2.0,2.0
14,615,2000,Rabi,Safflower,2.0,2.0
14,641,2010,Rabi,Safflower,1045.0,650.0
14,641,2011,Rabi,Safflower,982.0,343.0
14,641,2012,Rabi,Safflower,881.0,484.0
14,641,2013,Rabi,Safflower,565.0,376.0
14,641,2014,Rabi,Safflower,559.0,311.0
16,32,2004,Rabi,Safflower,102.0,24.0
16,42,1999,Rabi,Safflower,3.0,1.0
16,42,2000,Rabi,Safflower,6.0,1.0
16,42,2001,Rabi,Safflower,12.0,3.0
16,42,2002,Rabi,Safflower,14.0,3.0
16,42,2003,Rabi,Safflower,10.0,2.0
16,42,2004,Rabi,Safflower,12.0,3.0
16,42,2007,Rabi,Safflower,3.0,1.0
16,42,2008,Rabi,Safflower,5.0,1.0
16,42,2009,Whole Year,Safflower,16.0,4.0
16,42,2010,Rabi,Safflower,6.0,2.0
16,65,2003,Rabi,Safflower,1.0,0.0
16,65,2006,Rabi,Safflower,1.0,
16,75,1999,Rabi,Safflower,23.0,5.0
16,75,2000,Rabi,Safflower,10.0,2.0
16,75,2001,Rabi,Safflower,21.0,4.0
16,75,2002,Rabi,Safflower,16.0,3.0
16,75,2003,Rabi,Safflower,54.0,12.0
16,86,1999,Rabi,Safflower,8.0,1.0
16,86,2000,Rabi,Safflower,7.0,1.0
16,86,2001,Rabi,Safflower,6.0,1.0
16,86,2002,Rabi,Safflower,7.0,1.0
16,86,2003,Rabi,Safflower,7.0,1.0
16,86,2004,Rabi,Safflower,6.0,1.0
16,101,2003,Rabi,Safflower,1.0,0.0
16,101,2007,Rabi,Safflower,1.0,
16,101,2008,Rabi,Safflower,3.0,1.0
16,115,2001,Rabi,Safflower,2.0,0.01
16,115,2002,Rabi,Safflower,1.0,0.01
16,116,1999,Rabi,Safflower,8.0,3.0
16,116,2001,Rabi,Safflower,8.0,3.0
16,116,2003,Rabi,Safflower,2.0,1.0
16,116,2007,Rabi,Safflower,9.0,3.0
16,116,2010,Rabi,Safflower,12.0,4.0
16,116,2011,Rabi,Safflower,10.0,4.0
16,116,2012,Rabi,Safflower,18.0,8.0
16,116,2013,Rabi,Safflower,19.0,10.0
16,145,1999,Rabi,Safflower,23.0,8.0
16,145,2003,Rabi,Safflower,12.0,4.0
16,145,2004,Rabi,Safflower,327.0,109.0
16,145,2006,Rabi,Safflower,2.0,1.0
16,149,1999,Rabi,Safflower,27.0,6.0
16,149,2001,Rabi,Safflower,25.0,7.0
16,149,2002,Rabi,Safflower,3.0,1.0
16,149,2003,Rabi,Safflower,3.0,1.0
16,149,2004,Rabi,Safflower,3.0,1.0
16,149,2006,Rabi,Safflower,3.0,1.0
16,149,2008,Rabi,Safflower,1.0,
16,149,2009,Whole Year,Safflower,106.0,53.0
16,149,2010,Rabi,Safflower,72.0,20.0
16,149,2011,Rabi,Safflower,77.0,15.0
16,149,2012,Rabi,Safflower,70.0,25.0
16,164,1999,Rabi,Safflower,4.0,1.0
16,164,2001,Rabi,Safflower,2.0,0.01
16,164,2002,Rabi,Safflower,1.0,0.01
16,164,2003,Rabi,Safflower,1.0,0.0
16,216,1999,Rabi,Safflower,488.0,116.0
16,216,2000,Rabi,Safflower,28.0,7.0
16,216,2001,Rabi,Safflower,169.0,41.0
16,216,2002,Rabi,Safflower,150.0,13.0
16,216,2003,Rabi,Safflower,317.0,74.0
16,216,2004,Rabi,Safflower,508.0,121.0
16,216,2006,Rabi,Safflower,347.0,85.0
16,216,2007,Rabi,Safflower,363.0,67.0
16,216,2008,Rabi,Safflower,226.0,46.0
16,216,2009,Whole Year,Safflower,243.0,53.0
16,216,2010,Rabi,Safflower,284.0,57.0
16,216,2011,Rabi,Safflower,66.0,13.0
16,216,2012,Rabi,Safflower,140.0,108.0
16,225,2000,Rabi,Safflower,9.0,3.0
16,225,2002,Rabi,Safflower,8.0,3.0
16,235,1999,Rabi,Safflower,8.0,3.0
16,235,2000,Rabi,Safflower,4.0,1.0
16,235,2001,Rabi,Safflower,5.0,2.0
16,235,2007,Rabi,Safflower,41.0,15.0
16,235,2009,Whole Year,Safflower,4.0,1.0
16,242,1999,Rabi,Safflower,18.0,9.0
16,242,2001,Rabi,Safflower,10.0,6.0
16,242,2002,Rabi,Safflower,2.0,1.0
16,242,2003,Rabi,Safflower,24.0,15.0
16,242,2004,Rabi,Safflower,34.0,16.0
16,242,2006,Rabi,Safflower,22.0,12.0
16,242,2007,Rabi,Safflower,7.0,4.0
16,242,2009,Whole Year,Safflower,6.0,3.0
16,242,2010,Rabi,Safflower,1.0,1.0
16,242,2012,Rabi,Safflower,2.0,1.0
16,243,1999,Rabi,Safflower,22.0,4.0
16,243,2003,Rabi,Safflower,2.0,0.0
16,243,2004,Rabi,Safflower,2.0,
16,302,1999,Rabi,Safflower,7.0,1.0
16,302,2000,Rabi,Safflower,1.0,0.1
16,302,2004,Rabi,Safflower,1.0,
16,308,1999,Rabi,Safflower,4.0,1.0
16,308,2001,Rabi,Safflower,12.0,3.0
16,308,2002,Rabi,Safflower,5.0,1.0
16,308,2003,Rabi,Safflower,6.0,2.0
16,308,2004,Rabi,Safflower,2.0,1.0
16,308,2006,Rabi,Safflower,1.0,
16,308,2007,Rabi,Safflower,7.0,2.0
16,309,2013,Rabi,Safflower,2.0,1.0
16,378,1999,Rabi,Safflower,73.0,23.0
16,378,2000,Rabi,Safflower,42.0,17.0
16,378,2001,Rabi,Safflower,2.0,1.0
16,378,2002,Rabi,Safflower,4.0,1.0
16,378,2003,Rabi,Safflower,12.0,5.0
16,378,2004,Rabi,Safflower,15.0,5.0
16,378,2006,Rabi,Safflower,4.0,2.0
16,378,2007,Rabi,Safflower,1.0,
16,378,2008,Rabi,Safflower,2.0,1.0
16,426,2002,Rabi,Safflower,2.0,1.0
16,426,2003,Rabi,Safflower,12.0,5.0
16,426,2004,Rabi,Safflower,17.0,5.0
16,426,2008,Rabi,Safflower,1.0,
16,445,2002,Rabi,Safflower,4.0,1.0
16,445,2003,Rabi,Safflower,4.0,1.0
16,477,1999,Rabi,Safflower,7.0,2.0
16,477,2000,Rabi,Safflower,2.0,1.0
16,477,2003,Rabi,Safflower,1.0,0.0
16,479,2000,Rabi,Safflower,3.0,1.0
16,479,2003,Rabi,Safflower,1.0,0.0
16,490,1999,Rabi,Safflower,105.0,53.0
16,490,2001,Rabi,Safflower,6.0,3.0
16,490,2002,Rabi,Safflower,34.0,14.0
16,490,2003,Rabi,Safflower,51.0,22.0
16,490,2004,Rabi,Safflower,15.0,7.0
16,490,2006,Rabi,Safflower,8.0,4.0
16,490,2007,Rabi,Safflower,1.0,1.0
16,490,2008,Rabi,Safflower,22.0,8.0
16,490,2010,Rabi,Safflower,1.0,
16,494,2009,Whole Year,Safflower,5.0,1.0
16,503,1999,Rabi,Safflower,37.0,9.0
16,503,2000,Rabi,Safflower,18.0,3.0
16,503,2001,Rabi,Safflower,30.0,6.0
16,503,2002,Rabi,Safflower,21.0,3.0
16,503,2003,Rabi,Safflower,12.0,3.0
16,503,2004,Rabi,Safflower,11.0,3.0
16,503,2006,Rabi,Safflower,3.0,1.0
16,524,1999,Rabi,Safflower,6.0,1.0
16,524,2000,Rabi,Safflower,6.0,1.0
16,524,2001,Rabi,Safflower,7.0,2.0
16,524,2002,Rabi,Safflower,4.0,1.0
16,524,2003,Rabi,Safflower,3.0,1.0
16,524,2004,Rabi,Safflower,5.0,1.0
16,524,2006,Rabi,Safflower,4.0,1.0
16,524,2009,Whole Year,Safflower,16.0,4.0
16,527,1999,Rabi,Safflower,20.0,13.0
16,527,2011,Rabi,Safflower,4.0,1.0
16,527,2012,Rabi,Safflower,4.0,1.0
16,529,1999,Rabi,Safflower,1.0,0.0
16,529,2003,Rabi,Safflower,2.0,1.0
16,536,1999,Rabi,Safflower,22.0,5.0
16,536,2000,Rabi,Safflower,3.0,1.0
16,536,2001,Rabi,Safflower,1.0,0.01
16,536,2003,Rabi,Safflower,53.0,13.0
16,536,2004,Rabi,Safflower,75.0,13.0
16,536,2009,Whole Year,Safflower,13.0,3.0
16,536,2012,Rabi,Safflower,2.0,
16,540,2000,Rabi,Safflower,1.0,0.1
16,591,2000,Rabi,Safflower,1.0,0.1
16,591,2003,Rabi,Safflower,3.0,0.0
16,607,1999,Rabi,Safflower,3.0,1.0
16,607,2001,Rabi,Safflower,2.0,1.0
16,607,2002,Rabi,Safflower,2.0,0.01
16,607,2003,Rabi,Safflower,38.0,9.0
16,607,2004,Rabi,Safflower,70.0,18.0
16,607,2006,Rabi,Safflower,32.0,8.0
16,622,1999,Rabi,Safflower,2.0,0.0
16,622,2000,Rabi,Safflower,1.0,0.1
16,622,2001,Rabi,Safflower,1.0,0.01
16,622,2002,Rabi,Safflower,2.0,0.01
17,6,1998,Rabi,Safflower,30000.0,18500.0
17,6,1999,Rabi,Safflower,32200.0,16500.0
17,6,2000,Rabi,Safflower,30400.0,14500.0
17,6,2001,Rabi,Safflower,27400.0,11700.0
17,6,2002,Rabi,Safflower,24700.0,7800.0
17,6,2003,Rabi,Safflower,20300.0,3400.0
17,6,2004,Rabi,Safflower,20800.0,12400.0
17,6,2005,Rabi,Safflower,21000.0,7200.0
17,6,2006,Rabi,Safflower,17100.0,9300.0
17,6,2007,Rabi,Safflower,146.0,87.0
17,6,2008,Rabi,Safflower,11100.0,7000.0
17,6,2009,Rabi,Safflower,11100.0,8500.0
17,6,2010,Rabi,Safflower,8800.0,5300.0
17,6,2011,Rabi,Safflower,6700.0,1800.0
17,6,2012,Rabi,Safflower,1000.0,50.0
17,6,2013,Rabi,Safflower,1600.0,200.0
17,6,2014,Rabi,Safflower,700.0,
17,9,1998,Rabi,Safflower,25100.0,18400.0
17,9,1999,Rabi,Safflower,6500.0,5300.0
17,9,2000,Rabi,Safflower,4900.0,1900.0
17,9,2001,Rabi,Safflower,3400.0,2200.0
17,9,2002,Rabi,Safflower,2200.0,1200.0
17,9,2003,Rabi,Safflower,2000.0,1100.0
17,9,2004,Rabi,Safflower,1900.0,700.0
17,9,2005,Rabi,Safflower,2800.0,2200.0
17,9,2006,Rabi,Safflower,6800.0,5700.0
17,9,2007,Rabi,Safflower,45.0,42.0
17,9,2008,Rabi,Safflower,2500.0,900.0
17,9,2009,Rabi,Safflower,1900.0,1500.0
17,9,2010,Rabi,Safflower,2000.0,500.0
17,9,2011,Rabi,Safflower,500.0,200.0
17,9,2012,Rabi,Safflower,500.0,300.0
17,9,2013,Rabi,Safflower,500.0,300.0
17,9,2014,Rabi,Safflower,500.0,300.0
17,19,1998,Rabi,Safflower,9600.0,6400.0
17,19,1999,Rabi,Safflower,8400.0,5500.0
17,19,2000,Rabi,Safflower,3800.0,1300.0
17,19,2001,Rabi,Safflower,2600.0,1300.0
17,19,2002,Rabi,Safflower,1900.0,1000.0
17,19,2003,Rabi,Safflower,2200.0,1200.0
17,19,2004,Rabi,Safflower,3400.0,1200.0
17,19,2005,Rabi,Safflower,5800.0,3700.0
17,19,2006,Rabi,Safflower,5200.0,3700.0
17,19,2007,Rabi,Safflower,32.0,25.0
17,19,2008,Rabi,Safflower,2200.0,900.0
17,19,2009,Rabi,Safflower,2300.0,2000.0
17,19,2010,Rabi,Safflower,700.0,300.0
17,19,2011,Rabi,Safflower,100.0,100.0
17,19,2012,Rabi,Safflower,100.0,100.0
17,19,2013,Rabi,Safflower,100.0,100.0
17,19,2014,Rabi,Safflower,100.0,100.0
17,34,1998,Rabi,Safflower,23800.0,12600.0
17,34,1999,Rabi,Safflower,24600.0,12900.0
17,34,2000,Rabi,Safflower,22600.0,4700.0
17,34,2001,Rabi,Safflower,25100.0,12900.0
17,34,2002,Rabi,Safflower,14100.0,4100.0
17,34,2003,Rabi,Safflower,17800.0,5500.0
17,34,2004,Rabi,Safflower,17100.0,9100.0
17,34,2005,Rabi,Safflower,14300.0,10500.0
17,34,2006,Rabi,Safflower,15300.0,13100.0
17,34,2007,Rabi,Safflower,94.0,77.0
17,34,2008,Rabi,Safflower,10200.0,7400.0
17,34,2009,Rabi,Safflower,9400.0,4900.0
17,34,2010,Rabi,Safflower,2000.0,1600.0
17,34,2011,Rabi,Safflower,1300.0,800.0
17,34,2012,Rabi,Safflower,1000.0,300.0
17,34,2013,Rabi,Safflower,1100.0,2100.0
17,34,2014,Rabi,Safflower,600.0,200.0
17,69,1998,Rabi,Safflower,26300.0,12600.0
17,69,1999,Rabi,Safflower,27300.0,13600.0
17,69,2000,Rabi,Safflower,29400.0,9900.0
17,69,2001,Rabi,Safflower,30500.0,13700.0
17,69,2002,Rabi,Safflower,27500.0,12700.0
17,69,2003,Rabi,Safflower,23300.0,4500.0
17,69,2004,Rabi,Safflower,24400.0,12400.0
17,69,2005,Rabi,Safflower,23300.0,14400.0
17,69,2006,Rabi,Safflower,23600.0,13500.0
17,69,2007,Rabi,Safflower,205.0,76.0
17,69,2008,Rabi,Safflower,10500.0,5900.0
17,69,2009,Rabi,Safflower,7600.0,3900.0
17,69,2010,Rabi,Safflower,6100.0,2500.0
17,69,2011,Rabi,Safflower,3800.0,1200.0
17,69,2012,Rabi,Safflower,2600.0,900.0
17,69,2013,Rabi,Safflower,3500.0,5140.0
17,69,2014,Rabi,Safflower,1900.0,300.0
17,78,1998,Rabi,Safflower,200.0,100.0
17,78,1999,Rabi,Safflower,100.0,100.0
17,99,1998,Rabi,Safflower,11200.0,5800.0
17,99,1999,Rabi,Safflower,8900.0,5600.0
17,99,2000,Rabi,Safflower,5500.0,1900.0
17,99,2001,Rabi,Safflower,3300.0,1600.0
17,99,2002,Rabi,Safflower,1900.0,900.0
17,99,2003,Rabi,Safflower,1800.0,900.0
17,99,2004,Rabi,Safflower,1900.0,600.0
17,99,2005,Rabi,Safflower,2900.0,1400.0
17,99,2006,Rabi,Safflower,5300.0,3400.0
17,99,2007,Rabi,Safflower,42.0,29.0
17,99,2008,Rabi,Safflower,1700.0,800.0
17,99,2009,Rabi,Safflower,2500.0,2400.0
17,99,2010,Rabi,Safflower,2200.0,1300.0
17,99,2011,Rabi,Safflower,700.0,500.0
17,99,2012,Rabi,Safflower,800.0,1300.0
17,99,2014,Rabi,Safflower,400.0,200.0
17,112,1998,Rabi,Safflower,300.0,200.0
17,112,1999,Rabi,Safflower,100.0,100.0
17,156,1998,Rabi,Safflower,300.0,200.0
17,193,1998,Rabi,Safflower,100.0,100.0
17,232,1999,Rabi,Safflower,19900.0,5600.0
17,232,2000,Rabi,Safflower,21300.0,6600.0
17,232,2001,Rabi,Safflower,22000.0,8400.0
17,232,2002,Rabi,Safflower,26100.0,9400.0
17,232,2003,Rabi,Safflower,27300.0,12600.0
17,232,2004,Rabi,Safflower,28800.0,9900.0
17,232,2005,Rabi,Safflower,32500.0,14200.0
17,232,2006,Rabi,Safflower,38100.0,20900.0
17,232,2007,Rabi,Safflower,321.0,236.0
17,232,2008,Rabi,Safflower,22700.0,11600.0
17,232,2009,Rabi,Safflower,20500.0,13800.0
17,232,2010,Rabi,Safflower,26400.0,15400.0
17,232,2011,Rabi,Safflower,22200.0,13900.0
17,232,2012,Rabi,Safflower,22100.0,16300.0
17,232,2013,Rabi,Safflower,33800.0,23800.0
17,232,2014,Rabi,Safflower,14500.0,5100.0
17,250,1998,Rabi,Safflower,200.0,100.0
17,250,1999,Rabi,Safflower,300.0,200.0
17,250,2007,Rabi,Safflower,3.0,2.0
17,250,2008,Rabi,Safflower,1300.0,700.0
17,250,2009,Rabi,Safflower,1600.0,1200.0
17,250,2010,Rabi,Safflower,500.0,500.0
17,250,2011,Rabi,Safflower,200.0,100.0
17,250,2012,Rabi,Safflower,300.0,100.0
17,250,2013,Rabi,Safflower,300.0,100.0
17,251,1998,Rabi,Safflower,34400.0,17800.0
17,251,1999,Rabi,Safflower,24100.0,10900.0
17,251,2000,Rabi,Safflower,20700.0,9700.0
17,251,2001,Rabi,Safflower,24300.0,15200.0
17,251,2002,Rabi,Safflower,22300.0,14300.0
17,251,2003,Rabi,Safflower,20000.0,10700.0
17,251,2004,Rabi,Safflower,19400.0,17100.0
17,251,2005,Rabi,Safflower,18100.0,21100.0
17,251,2006,Rabi,Safflower,21100.0,17300.0
17,251,2007,Rabi,Safflower,129.0,108.0
17,251,2008,Rabi,Safflower,13000.0,9600.0
17,251,2009,Rabi,Safflower,11800.0,7000.0
17,251,2010,Rabi,Safflower,9500.0,6500.0
17,251,2011,Rabi,Safflower,2500.0,1600.0
17,251,2012,Rabi,Safflower,1100.0,200.0
17,251,2013,Rabi,Safflower,1100.0,2370.0
17,349,1998,Rabi,Safflower,18100.0,9000.0
17,349,1999,Rabi,Safflower,19500.0,10200.0
17,349,2000,Rabi,Safflower,19300.0,9300.0
17,349,2001,Rabi,Safflower,20600.0,6600.0
17,349,2002,Rabi,Safflower,19300.0,6600.0
17,349,2003,Rabi,Safflower,21100.0,7500.0
17,349,2004,Rabi,Safflower,21800.0,9400.0
17,349,2005,Rabi,Safflower,24100.0,12900.0
17,349,2006,Rabi,Safflower,25200.0,14500.0
17,349,2007,Rabi,Safflower,244.0,178.0
17,349,2008,Rabi,Safflower,22600.0,11600.0
17,349,2009,Rabi,Safflower,22300.0,8800.0
17,349,2010,Rabi,Safflower,18600.0,12200.0
17,349,2011,Rabi,Safflower,18300.0,11200.0
17,349,2012,Rabi,Safflower,19100.0,13300.0
17,349,2013,Rabi,Safflower,21700.0,15500.0
17,349,2014,Rabi,Safflower,12900.0,3800.0
17,416,1998,Rabi,Safflower,7900.0,3500.0
17,416,1999,Rabi,Safflower,7600.0,4600.0
17,416,2000,Rabi,Safflower,7500.0,2600.0
17,416,2001,Rabi,Safflower,7500.0,5500.0
17,416,2002,Rabi,Safflower,8300.0,5600.0
17,416,2003,Rabi,Safflower,8400.0,6500.0
17,416,2004,Rabi,Safflower,9400.0,4400.0
17,416,2005,Rabi,Safflower,10900.0,7400.0
17,416,2006,Rabi,Safflower,10200.0,5500.0
17,416,2007,Rabi,Safflower,78.0,61.0
17,416,2008,Rabi,Safflower,7100.0,3600.0
17,416,2009,Rabi,Safflower,7500.0,3700.0
17,416,2010,Rabi,Safflower,5600.0,3000.0
17,416,2011,Rabi,Safflower,4200.0,2400.0
17,416,2012,Rabi,Safflower,6700.0,5000.0
17,416,2013,Rabi,Safflower,7400.0,4600.0
17,416,2014,Rabi,Safflower,3100.0,900.0
17,417,1999,Rabi,Safflower,200.0,100.0
17,417,2000,Rabi,Safflower,100.0,100.0
17,417,2004,Rabi,Safflower,400.0,200.0
17,417,2005,Rabi,Safflower,300.0,100.0
17,417,2006,Rabi,Safflower,300.0,100.0
17,417,2007,Rabi,Safflower,3.0,2.0
17,417,2008,Rabi,Safflower,600.0,300.0
17,417,2009,Rabi,Safflower,500.0,400.0
17,417,2010,Rabi,Safflower,600.0,600.0
17,417,2014,Rabi,Safflower,200.0,100.0
17,421,1998,Rabi,Safflower,1300.0,800.0
17,421,1999,Rabi,Safflower,800.0,400.0
17,421,2000,Rabi,Safflower,700.0,300.0
17,421,2001,Rabi,Safflower,700.0,300.0
17,421,2002,Rabi,Safflower,400.0,100.0
17,421,2003,Rabi,Safflower,200.0,100.0
17,421,2004,Rabi,Safflower,100.0,100.0
17,421,2005,Rabi,Safflower,200.0,100.0
17,421,2006,Rabi,Safflower,200.0,100.0
17,421,2007,Rabi,Safflower,1.0,1.0
17,421,2013,Rabi,Safflower,100.0,
17,421,2014,Rabi,Safflower,100.0,100.0
17,435,1998,Rabi,Safflower,37000.0,20300.0
17,435,1999,Rabi,Safflower,36300.0,19500.0
17,435,2000,Rabi,Safflower,35300.0,15000.0
17,435,2001,Rabi,Safflower,35000.0,10600.0
17,435,2002,Rabi,Safflower,32600.0,13000.0
17,435,2003,Rabi,Safflower,36900.0,7100.0
17,435,2004,Rabi,Safflower,36200.0,18200.0
17,435,2005,Rabi,Safflower,37700.0,26000.0
17,435,2006,Rabi,Safflower,35500.0,19700.0
17,435,2007,Rabi,Safflower,329.0,216.0
17,435,2008,Rabi,Safflower,28300.0,14200.0
17,435,2009,Rabi,Safflower,30600.0,16500.0
17,435,2010,Rabi,Safflower,28500.0,17200.0
17,435,2011,Rabi,Safflower,25800.0,13200.0
17,435,2012,Rabi,Safflower,25100.0,8200.0
17,435,2013,Rabi,Safflower,26300.0,15200.0
17,435,2014,Rabi,Safflower,28300.0,8000.0
17,447,1998,Rabi,Safflower,48200.0,22400.0
17,447,1999,Rabi,Safflower,30500.0,20700.0
17,447,2000,Rabi,Safflower,31500.0,16000.0
17,447,2001,Rabi,Safflower,34200.0,26300.0
17,447,2002,Rabi,Safflower,39300.0,25000.0
17,447,2003,Rabi,Safflower,39400.0,23000.0
17,447,2004,Rabi,Safflower,38500.0,11800.0
17,447,2005,Rabi,Safflower,41300.0,24600.0
17,447,2006,Rabi,Safflower,42800.0,27400.0
17,447,2007,Rabi,Safflower,400.0,273.0
17,447,2008,Rabi,Safflower,36600.0,22000.0
17,447,2009,Rabi,Safflower,37000.0,22900.0
17,447,2010,Rabi,Safflower,38600.0,15600.0
17,447,2011,Rabi,Safflower,36900.0,21300.0
17,447,2012,Rabi,Safflower,19300.0,10500.0
17,447,2013,Rabi,Safflower,22000.0,10000.0
17,447,2014,Rabi,Safflower,6000.0,2500.0
17,467,1998,Rabi,Safflower,18600.0,12700.0
17,467,1999,Rabi,Safflower,18900.0,10800.0
17,467,2000,Rabi,Safflower,17900.0,11000.0
17,467,2001,Rabi,Safflower,16700.0,9800.0
17,467,2002,Rabi,Safflower,16600.0,7100.0
17,467,2003,Rabi,Safflower,4600.0,200.0
17,467,2004,Rabi,Safflower,6200.0,1200.0
17,467,2005,Rabi,Safflower,7100.0,5200.0
17,467,2006,Rabi,Safflower,11400.0,4900.0
17,467,2007,Rabi,Safflower,87.0,52.0
17,467,2008,Rabi,Safflower,2300.0,800.0
17,467,2009,Rabi,Safflower,3300.0,900.0
17,467,2010,Rabi,Safflower,5000.0,1900.0
17,467,2011,Rabi,Safflower,600.0,100.0
17,467,2012,Rabi,Safflower,600.0,30.0
17,467,2013,Rabi,Safflower,600.0,
17,467,2014,Rabi,Safflower,400.0,300.0
17,513,1998,Rabi,Safflower,8500.0,4500.0
17,513,1999,Rabi,Safflower,10600.0,7200.0
17,513,2000,Rabi,Safflower,12500.0,5700.0
17,513,2001,Rabi,Safflower,6200.0,2400.0
17,513,2002,Rabi,Safflower,2400.0,500.0
17,513,2003,Rabi,Safflower,1700.0,200.0
17,513,2004,Rabi,Safflower,2100.0,1300.0
17,513,2005,Rabi,Safflower,2200.0,400.0
17,513,2006,Rabi,Safflower,2300.0,1100.0
17,513,2007,Rabi,Safflower,21.0,5.0
17,513,2008,Rabi,Safflower,3300.0,1600.0
17,513,2009,Rabi,Safflower,7000.0,3300.0
17,513,2010,Rabi,Safflower,7200.0,3200.0
17,513,2011,Rabi,Safflower,2700.0,1100.0
17,513,2012,Rabi,Safflower,3100.0,300.0
17,513,2013,Rabi,Safflower,4100.0,2190.0
17,513,2014,Rabi,Safflower,1700.0,2200.0
17,519,1998,Rabi,Safflower,5500.0,2900.0
17,519,1999,Rabi,Safflower,5500.0,4900.0
17,519,2000,Rabi,Safflower,5900.0,3100.0
17,519,2001,Rabi,Safflower,5900.0,2300.0
17,519,2002,Rabi,Safflower,4400.0,900.0
17,519,2003,Rabi,Safflower,1700.0,200.0
17,519,2004,Rabi,Safflower,2100.0,1300.0
17,519,2005,Rabi,Safflower,2400.0,400.0
17,519,2006,Rabi,Safflower,2200.0,1100.0
17,519,2007,Rabi,Safflower,15.0,4.0
17,519,2008,Rabi,Safflower,1100.0,500.0
17,519,2009,Rabi,Safflower,1300.0,600.0
17,519,2010,Rabi,Safflower,2200.0,1000.0
17,519,2011,Rabi,Safflower,1100.0,400.0
17,519,2012,Rabi,Safflower,100.0,40.0
17,519,2013,Rabi,Safflower,100.0,100.0
17,519,2014,Rabi,Safflower,100.0,200.0
17,554,1998,Rabi,Safflower,13100.0,6400.0
17,554,1999,Rabi,Safflower,20100.0,10800.0
17,554,2000,Rabi,Safflower,18900.0,6000.0
17,554,2001,Rabi,Safflower,15900.0,5500.0
17,554,2002,Rabi,Safflower,15700.0,4300.0
17,554,2003,Rabi,Safflower,13300.0,1100.0
17,554,2004,Rabi,Safflower,15000.0,7800.0
17,554,2005,Rabi,Safflower,12500.0,4800.0
17,554,2006,Rabi,Safflower,11700.0,5000.0
17,554,2007,Rabi,Safflower,75.0,35.0
17,554,2008,Rabi,Safflower,7600.0,5100.0
17,554,2009,Rabi,Safflower,8600.0,5500.0
17,554,2010,Rabi,Safflower,7400.0,4700.0
17,554,2011,Rabi,Safflower,2400.0,700.0
17,554,2012,Rabi,Safflower,900.0,400.0
17,554,2013,Rabi,Safflower,1500.0,700.0
17,554,2014,Rabi,Safflower,2100.0,1900.0
17,628,1998,Rabi,Safflower,200.0,100.0
17,628,1999,Rabi,Safflower,100.0,100.0
17,628,2000,Rabi,Safflower,100.0,100.0
17,628,2014,Rabi,Safflower,100.0,
17,629,1999,Rabi,Safflower,13500.0,8000.0
17,629,2000,Rabi,Safflower,7300.0,2100.0
17,629,2001,Rabi,Safflower,5200.0,2400.0
17,629,2002,Rabi,Safflower,3000.0,1800.0
17,629,2003,Rabi,Safflower,2600.0,1400.0
17,629,2004,Rabi,Safflower,2300.0,900.0
17,629,2005,Rabi,Safflower,3400.0,2200.0
17,629,2006,Rabi,Safflower,4300.0,2500.0
17,629,2007,Rabi,Safflower,38.0,26.0
17,629,2008,Rabi,Safflower,900.0,400.0
17,629,2009,Rabi,Safflower,1000.0,800.0
17,629,2010,Rabi,Safflower,900.0,600.0
17,629,2011,Rabi,Safflower,700.0,500.0
17,629,2012,Rabi,Safflower,500.0,400.0
17,629,2013,Rabi,Safflower,500.0,300.0
17,629,2014,Rabi,Safflower,500.0,100.0
17,644,1998,Rabi,Safflower,1400.0,900.0
17,644,1999,Rabi,Safflower,1400.0,900.0
17,644,2000,Rabi,Safflower,400.0,100.0
17,644,2001,Rabi,Safflower,300.0,200.0
17,644,2002,Rabi,Safflower,200.0,100.0
17,644,2003,Rabi,Safflower,100.0,100.0
17,644,2004,Rabi,Safflower,100.0,100.0
17,644,2005,Rabi,Safflower,200.0,100.0
17,644,2006,Rabi,Safflower,200.0,100.0
17,644,2007,Rabi,Safflower,1.0,1.0
17,644,2008,Rabi,Safflower,100.0,100.0
17,644,2009,Rabi,Safflower,300.0,300.0
17,644,2010,Rabi,Safflower,100.0,49.0
22,27,2000,Rabi,Safflower,30.0,20.0
22,43,1999,Rabi,Safflower,40.0,20.0
22,43,2001,Rabi,Safflower,170.0,60.0
22,43,2002,Rabi,Safflower,20.0,10.0
22,43,2003,Rabi,Safflower,40.0,10.0
22,43,2004,Rabi,Safflower,21.0,11.0
22,44,2001,Rabi,Safflower,50.0,30.0
22,61,2001,Rabi,Safflower,50.0,20.0
22,129,2001,Rabi,Safflower,10.0,10.0
22,129,2002,Rabi,Safflower,10.0,10.0
22,142,2001,Rabi,Safflower,80.0,30.0
22,153,2000,Rabi,Safflower,30.0,20.0
22,153,2004,Rabi,Safflower,2.0,1.0
22,198,2001,Rabi,Safflower,20.0,10.0
22,198,2004,Rabi,Safflower,5.0,3.0
22,244,2001,Rabi,Safflower,50.0,10.0
22,247,2001,Rabi,Safflower,30.0,10.0
22,266,2001,Rabi,Safflower,50.0,20.0
22,266,2002,Rabi,Safflower,30.0,10.0
22,277,1999,Rabi,Safflower,1420.0,850.0
22,277,2000,Rabi,Safflower,1200.0,690.0
22,277,2001,Rabi,Safflower,1500.0,860.0
22,277,2002,Rabi,Safflower,550.0,330.0
22,277,2003,Rabi,Safflower,760.0,490.0
22,277,2004,Rabi,Safflower,1072.0,714.0
22,305,2000,Rabi,Safflower,60.0,40.0
22,305,2001,Rabi,Safflower,70.0,50.0
22,305,2002,Rabi,Safflower,40.0,30.0
22,305,2003,Rabi,Safflower,90.0,60.0
22,305,2004,Rabi,Safflower,62.0,43.0
22,312,2001,Rabi,Safflower,60.0,30.0
22,312,2002,Rabi,Safflower,20.0,10.0
22,329,1999,Rabi,Safflower,320.0,70.0
22,329,2001,Rabi,Safflower,360.0,90.0
22,329,2002,Rabi,Safflower,210.0,40.0
22,329,2003,Rabi,Safflower,300.0,60.0
22,329,2004,Rabi,Safflower,350.0,233.0
22,384,2001,Rabi,Safflower,20.0,10.0
22,384,2002,Rabi,Safflower,10.0,10.0
22,404,1999,Rabi,Safflower,50.0,10.0
22,404,2000,Rabi,Safflower,70.0,10.0
22,404,2001,Rabi,Safflower,180.0,40.0
22,404,2002,Rabi,Safflower,150.0,30.0
22,404,2003,Rabi,Safflower,150.0,30.0
22,404,2004,Rabi,Safflower,138.0,36.0
22,425,2001,Rabi,Safflower,50.0,20.0
22,425,2002,Rabi,Safflower,10.0,10.0
22,425,2003,Rabi,Safflower,10.0,10.0
22,425,2004,Rabi,Safflower,12.0,5.0
22,434,1999,Rabi,Safflower,570.0,200.0
22,434,2001,Rabi,Safflower,810.0,680.0
22,434,2002,Rabi,Safflower,190.0,10.0
22,434,2003,Rabi,Safflower,210.0,30.0
22,434,2004,Rabi,Safflower,127.0,41.0
22,511,2001,Rabi,Safflower,200.0,80.0
22,556,2001,Rabi,Safflower,70.0,30.0
22,571,2001,Rabi,Safflower,120.0,100.0
22,571,2002,Rabi,Safflower,10.0,
22,571,2003,Rabi,Safflower,60.0,20.0
22,571,2004,Rabi,Safflower,15.0,5.0
28,2,1999,Rabi,Safflower,458.0,233.0
28,2,2000,Rabi,Safflower,348.0,152.0
28,2,2001,Rabi,Safflower,1537.0,518.0
28,2,2002,Rabi,Safflower,735.0,207.0
28,2,2003,Rabi,Safflower,711.0,221.0
28,2,2004,Rabi,Safflower,546.0,247.0
28,2,2005,Rabi,Safflower,493.0,232.0
28,2,2006,Rabi,Safflower,333.0,214.0
28,2,2009,Rabi,Safflower,174.0,76.0
28,2,2010,Rabi,Safflower,112.0,76.0
28,2,2011,Rabi,Safflower,166.0,124.0
28,2,2013,Whole Year,Safflower,309.0,218.0
28,2,2014,Rabi,Safflower,41.0,31.0
28,295,1999,Rabi,Safflower,1205.0,613.0
28,295,2001,Rabi,Safflower,16.0,5.0
28,295,2002,Rabi,Safflower,2.0,1.0
28,295,2003,Rabi,Safflower,218.0,68.0
28,307,2005,Rabi,Safflower,18.0,8.0
28,366,1999,Rabi,Safflower,1113.0,510.0
28,366,2000,Rabi,Safflower,1588.0,694.0
28,366,2001,Rabi,Safflower,813.0,274.0
28,366,2002,Rabi,Safflower,1878.0,774.0
28,366,2003,Rabi,Safflower,915.0,285.0
28,366,2004,Rabi,Safflower,609.0,275.0
28,366,2005,Rabi,Safflower,660.0,310.0
28,366,2006,Rabi,Safflower,728.0,167.0
28,366,2008,Rabi,Safflower,789.0,170.0
28,366,2009,Rabi,Safflower,595.0,366.0
28,366,2010,Rabi,Safflower,894.0,606.0
28,366,2011,Rabi,Safflower,823.0,613.0
28,366,2013,Whole Year,Safflower,118.0,83.0
28,366,2014,Rabi,Safflower,300.0,224.0
28,385,1999,Rabi,Safflower,4787.0,3877.0
28,385,2000,Rabi,Safflower,4694.0,2056.0
28,385,2001,Rabi,Safflower,5403.0,2172.0
28,385,2002,Rabi,Safflower,6635.0,2309.0
28,385,2003,Rabi,Safflower,6783.0,1601.0
28,385,2004,Rabi,Safflower,7828.0,3209.0
28,385,2005,Rabi,Safflower,7942.0,2883.0
28,385,2006,Rabi,Safflower,8289.0,5620.0
28,385,2008,Rabi,Safflower,6994.0,3049.0
28,385,2009,Rabi,Safflower,6696.0,2839.0
28,385,2010,Rabi,Safflower,6110.0,4143.0
28,385,2011,Rabi,Safflower,6214.0,4536.0
28,385,2013,Whole Year,Safflower,3915.0,2388.0
28,385,2014,Rabi,Safflower,1561.0,846.0
28,413,1999,Rabi,Safflower,65.0,33.0
28,413,2000,Rabi,Safflower,237.0,104.0
28,413,2001,Rabi,Safflower,502.0,169.0
28,413,2004,Rabi,Safflower,12.0,5.0
28,413,2008,Rabi,Safflower,3.0,2.0
28,413,2009,Rabi,Safflower,32.0,14.0
28,413,2011,Rabi,Safflower,3.0,2.0
28,428,1999,Rabi,Safflower,2304.0,348.0
28,428,2000,Rabi,Safflower,2139.0,937.0
28,428,2001,Rabi,Safflower,1833.0,218.0
28,428,2002,Rabi,Safflower,2221.0,624.0
28,428,2003,Rabi,Safflower,1884.0,586.0
28,428,2004,Rabi,Safflower,5591.0,2868.0
28,428,2005,Rabi,Safflower,3637.0,1709.0
28,428,2006,Rabi,Safflower,1722.0,956.0
28,428,2008,Rabi,Safflower,2041.0,1218.0
28,428,2009,Rabi,Safflower,3852.0,1672.0
28,428,2010,Rabi,Safflower,2595.0,1552.0
28,428,2011,Rabi,Safflower,969.0,576.0
28,428,2013,Whole Year,Safflower,2284.0,1608.0
28,428,2014,Rabi,Safflower,1457.0,1409.0
28,489,1999,Rabi,Safflower,3427.0,1131.0
28,489,2000,Rabi,Safflower,3106.0,1360.0
28,489,2001,Rabi,Safflower,3790.0,1276.0
28,489,2002,Rabi,Safflower,3518.0,1878.0
28,489,2003,Rabi,Safflower,2770.0,1371.0
28,489,2004,Rabi,Safflower,3081.0,1392.0
28,489,2005,Rabi,Safflower,3259.0,2386.0
28,489,2006,Rabi,Safflower,2440.0,1725.0
28,489,2008,Rabi,Safflower,2453.0,1764.0
28,489,2009,Rabi,Safflower,2165.0,898.0
28,489,2010,Rabi,Safflower,2386.0,1618.0
28,489,2011,Rabi,Safflower,1678.0,1490.0
28,489,2013,Whole Year,Safflower,1241.0,1276.0
28,489,2014,Rabi,Safflower,796.0,590.0
28,627,2001,Rabi,Safflower,3.0,1.0
28,627,2003,Rabi,Safflower,17.0,5.0
28,627,2004,Rabi,Safflower,16.0,7.0
28,627,2005,Rabi,Safflower,75.0,35.0
28,627,2008,Rabi,Safflower,7.0,4.0
32,0,2003,Rabi,Safflower,1022.0,907.0
32,0,2007,Rabi,Safflower,140.0,382.0
32,0,2009,Rabi,Safflower,437.0,427.0
32,0,2010,Rabi,Safflower,42.0,58.0
32,0,2011,Rabi,Safflower,35.0,39.0
32,0,2012,Rabi,Safflower,80.0,87.0
32,0,2013,Rabi,Safflower,58.0,60.0
32,0,2014,Rabi,Safflower,58.0,62.0
32,54,1997,Whole Year,Safflower,200.0,100.0
32,54,1998,Rabi,Safflower,2.0,2.0
32,54,1999,Rabi,Safflower,2.0,2.0
32,59,1997,Whole Year,Safflower,1900.0,600.0
32,59,1998,Rabi,Safflower,16.0,5.0
32,59,1999,Rabi,Safflower,20.0,6.0
32,59,2000,Rabi,Safflower,18.0,6.0
32,59,2001,Rabi,Safflower,27.0,13.0
32,59,2002,Rabi,Safflower,31.0,16.0
32,59,2003,Rabi,Safflower,23.0,16.0
32,59,2004,Rabi,Safflower,20.0,13.0
32,59,2005,Rabi,Safflower,19.0,13.0
32,59,2006,Rabi,Safflower,14.0,9.0
32,59,2007,Rabi,Safflower,11.0,6.0
32,59,2009,Rabi,Safflower,2.0,1.0
32,59,2010,Rabi,Safflower,5.0,3.0
32,59,2011,Rabi,Safflower,5.0,4.0
32,59,2012,Rabi,Safflower,4.0,3.0
32,59,2013,Rabi,Safflower,9.0,6.0
32,59,2014,Rabi,Safflower,10.0,6.0
32,92,1997,Whole Year,Safflower,7500.0,2200.0
32,92,1998,Rabi,Safflower,25.0,8.0
32,92,1999,Rabi,Safflower,26.0,8.0
32,92,2000,Rabi,Safflower,11.0,3.0
32,92,2001,Rabi,Safflower,31.0,9.0
32,92,2002,Rabi,Safflower,3.0,1.0
32,92,2003,Rabi,Safflower,37.0,8.0
32,92,2005,Rabi,Safflower,58.0,18.0
32,92,2006,Rabi,Safflower,48.0,24.0
32,92,2007,Rabi,Safflower,75.0,63.0
32,92,2008,Rabi,Safflower,127.0,98.0
32,92,2009,Rabi,Safflower,15.0,13.0
32,92,2010,Rabi,Safflower,20.0,16.0
32,92,2011,Rabi,Safflower,17.0,7.0
32,92,2012,Rabi,Safflower,21.0,9.0
32,92,2013,Rabi,Safflower,19.0,8.0
32,92,2014,Rabi,Safflower,20.0,8.0
32,136,2006,Rabi,Safflower,5.0,3.0
32,136,2007,Rabi,Safflower,5.0,7.0
32,136,2008,Rabi,Safflower,5.0,5.0
32,136,2010,Rabi,Safflower,8.0,11.0
32,161,2014,Rabi,Safflower,1.0,1.0
32,162,2004,Rabi,Safflower,50.0,25.0
32,162,2005,Rabi,Safflower,54.0,32.0
32,162,2006,Rabi,Safflower,55.0,36.0
32,162,2007,Rabi,Safflower,53.0,31.0
32,162,2008,Rabi,Safflower,23.0,16.0
32,162,2009,Rabi,Safflower,27.0,19.0
32,162,2010,Rabi,Safflower,45.0,31.0
32,162,2011,Rabi,Safflower,18.0,15.0
32,237,1999,Rabi,Safflower,2.0,2.0
32,253,2006,Rabi,Safflower,30.0,9.0
32,253,2007,Rabi,Safflower,80.0,67.0
32,253,2008,Rabi,Safflower,55.0,38.0
32,253,2010,Rabi,Safflower,60.0,77.0
32,253,2012,Rabi,Safflower,60.0,77.0
32,253,2013,Rabi,Safflower,60.0,77.0
32,253,2014,Rabi,Safflower,63.0,87.0
32,387,1997,Whole Year,Safflower,1200.0,100.0
32,387,1998,Rabi,Safflower,5.0,1.0
32,387,1999,Rabi,Safflower,10.0,1.0
32,387,2005,Rabi,Safflower,190.0,120.0
32,387,2006,Rabi,Safflower,247.0,161.0
32,387,2007,Rabi,Safflower,438.0,280.0
32,387,2008,Rabi,Safflower,79.0,54.0
32,387,2009,Rabi,Safflower,80.0,56.0
32,387,2010,Rabi,Safflower,285.0,205.0
32,387,2011,Rabi,Safflower,272.0,231.0
32,387,2012,Rabi,Safflower,279.0,218.0
32,387,2013,Rabi,Safflower,279.0,206.0
32,387,2014,Rabi,Safflower,280.0,220.0
32,400,2007,Rabi,Safflower,4.0,5.0
32,400,2008,Rabi,Safflower,2.0,2.0
32,400,2011,Rabi,Safflower,37.0,37.0
32,405,2002,Rabi,Safflower,5.0,14.0
32,405,2003,Rabi,Safflower,290.0,47.0
32,405,2004,Rabi,Safflower,255.0,362.0
32,471,2004,Rabi,Safflower,94.0,62.0
32,471,2007,Rabi,Safflower,59.0,57.0
32,471,2008,Rabi,Safflower,59.0,57.0
32,471,2009,Rabi,Safflower,29.0,24.0
32,471,2010,Rabi,Safflower,61.0,40.0
32,471,2011,Rabi,Safflower,38.0,29.0
32,471,2012,Rabi,Safflower,43.0,31.0
32,471,2013,Rabi,Safflower,47.0,33.0
32,471,2014,Rabi,Safflower,54.0,37.0
